"Run","teamC1","teamC1_gs","teamC1_gc","teamC1_di","teamC1_pts","teamD2","teamD2_gs","teamD2_gc","teamD2_di","teamD2_pts","teamA1","teamA1_gs","teamA1_gc","teamA1_di","teamA1_pts","teamB2","teamB2_gs","teamB2_gc","teamB2_di","teamB2_pts","teamB1","teamB1_gs","teamB1_gc","teamB1_di","teamB1_pts","teamA2","teamA2_gs","teamA2_gc","teamA2_di","teamA2_pts","teamD1","teamD1_gs","teamD1_gc","teamD1_di","teamD1_pts","teamC2","teamC2_gs","teamC2_gc","teamC2_di","teamC2_pts","teamE1","teamE1_gs","teamE1_gc","teamE1_di","teamE1_pts","teamF2","teamF2_gs","teamF2_gc","teamF2_di","teamF2_pts","teamG1","teamG1_gs","teamG1_gc","teamG1_di","teamG1_pts","teamH2","teamH2_gs","teamH2_gc","teamH2_di","teamH2_pts","teamF1","teamF1_gs","teamF1_gc","teamF1_di","teamF1_pts","teamE2","teamE2_gs","teamE2_gc","teamE2_di","teamE2_pts","teamH1","teamH1_gs","teamH1_gc","teamH1_di","teamH1_pts","teamG2","teamG2_gs","teamG2_gc","teamG2_di","teamG2_pts"
"1","France",6,3,3,9,"Croatia",4,1,3,7,"Russia",5,2,3,6,"Portugal",8,4,4,6,"Spain",6,2,4,9,"Uruguay",5,5,0,6,"Argentina",7,2,5,7,"Peru",4,4,0,4,"Brazil",9,4,5,9,"Sweden",5,4,1,4,"Belgium",6,2,4,9,"Japan",5,4,1,4,"Germany",8,4,4,7,"Switzerland",4,4,0,4,"Poland",3,6,-3,9,"England",4,3,1,6
"2","France",9,3,6,9,"Argentina",3,2,1,5,"Uruguay",5,3,2,7,"Portugal",8,3,5,6,"Spain",6,3,3,7,"Russia",5,3,2,6,"Croatia",3,1,2,7,"Australia",5,7,-2,4,"Brazil",9,4,5,7,"Mexico",3,3,0,5,"England",2,0,2,5,"Senegal",5,2,3,4,"Germany",7,2,5,7,"Switzerland",3,4,-1,4,"Colombia",5,4,1,9,"Panama",2,3,-1,4
"3","France",4,3,1,5,"Croatia",7,5,2,5,"Uruguay",6,0,6,7,"Spain",6,3,3,7,"Portugal",6,3,3,7,"Egypt",6,2,4,7,"Argentina",9,4,5,7,"Australia",2,4,-2,4,"Brazil",5,3,2,7,"Mexico",5,5,0,5,"Belgium",6,5,1,5,"Senegal",2,1,1,5,"Germany",6,3,3,5,"Serbia",6,5,1,4,"Poland",5,3,2,7,"England",4,3,1,5
"4","France",9,2,7,9,"Croatia",5,4,1,5,"Uruguay",5,0,5,9,"Spain",5,4,1,6,"Portugal",7,3,4,6,"Russia",9,2,7,6,"Argentina",7,2,5,7,"Peru",4,3,1,6,"Brazil",8,4,4,7,"Mexico",5,4,1,6,"Belgium",7,3,4,7,"Colombia",5,4,1,5,"Germany",10,5,5,7,"Costa Rica",7,6,1,6,"Poland",4,4,0,7,"England",6,5,1,6
"5","Denmark",7,2,5,9,"Nigeria",4,5,-1,4,"Russia",12,3,9,9,"Spain",3,3,0,4,"Portugal",5,3,2,5,"Uruguay",8,7,1,4,"Argentina",6,3,3,7,"France",5,2,3,6,"Brazil",6,1,5,9,"Mexico",6,7,-1,6,"England",8,2,6,7,"Colombia",5,6,-1,5,"Sweden",4,1,3,7,"Costa Rica",4,3,1,6,"Poland",4,6,-2,7,"Tunisia",3,4,-1,4
"6","Denmark",9,4,5,7,"Croatia",4,3,1,5,"Uruguay",5,3,2,6,"Iran",4,2,2,5,"Spain",4,1,3,7,"Russia",5,3,2,4,"Argentina",8,2,6,6,"France",6,4,2,6,"Switzerland",10,5,5,9,"Mexico",8,4,4,7,"Belgium",10,5,5,7,"Senegal",5,6,-1,4,"Germany",9,5,4,7,"Brazil",8,6,2,6,"Poland",4,6,-2,7,"England",6,5,1,5
"7","Peru",8,4,4,7,"Croatia",6,5,1,5,"Russia",6,1,5,9,"Portugal",7,3,4,6,"Spain",8,3,5,9,"Uruguay",5,4,1,4,"Argentina",6,5,1,5,"France",7,6,1,4,"Brazil",8,5,3,7,"Germany",6,4,2,6,"Belgium",8,2,6,7,"Colombia",8,5,3,5,"Mexico",6,3,3,7,"Switzerland",8,5,3,7,"Poland",5,7,-2,7,"Tunisia",5,4,1,6
"8","France",5,1,4,6,"Argentina",7,4,3,5,"Uruguay",9,3,6,7,"Portugal",4,6,-2,4,"Spain",6,1,5,9,"Egypt",7,4,3,5,"Croatia",6,3,3,7,"Denmark",3,4,-1,6,"Brazil",5,2,3,7,"Sweden",4,6,-2,4,"Belgium",6,3,3,6,"Senegal",3,5,-2,6,"Germany",12,2,10,9,"Switzerland",5,4,1,4,"Poland",4,4,0,7,"England",3,2,1,6
"9","France",9,3,6,9,"Argentina",5,5,0,6,"Uruguay",7,1,6,9,"Spain",4,3,1,4,"Portugal",7,4,3,7,"Russia",5,2,3,4,"Croatia",7,2,5,7,"Denmark",5,5,0,4,"Switzerland",6,4,2,7,"Germany",9,6,3,4,"Belgium",6,2,4,9,"Senegal",2,7,-5,4,"Sweden",7,5,2,7,"Brazil",6,3,3,6,"Poland",3,5,-2,9,"England",6,2,4,6
"10","France",7,4,3,7,"Croatia",6,3,3,7,"Russia",7,2,5,7,"Portugal",6,2,4,6,"Spain",5,2,3,7,"Uruguay",8,5,3,5,"Argentina",5,2,3,7,"Denmark",10,5,5,7,"Brazil",6,2,4,9,"Sweden",8,7,1,5,"England",7,4,3,9,"Senegal",4,4,0,4,"Germany",8,4,4,7,"Costa Rica",6,6,0,6,"Poland",6,4,2,9,"Belgium",5,4,1,6
"11","Peru",7,3,4,7,"Croatia",5,2,3,7,"Uruguay",8,4,4,7,"Iran",3,3,0,4,"Portugal",7,1,6,9,"Egypt",5,3,2,5,"Argentina",6,3,3,7,"France",5,2,3,6,"Brazil",10,6,4,9,"Mexico",7,4,3,6,"England",5,3,2,7,"Poland",8,3,5,6,"Germany",7,2,5,9,"Switzerland",4,6,-2,3,"Colombia",6,3,3,9,"Belgium",5,3,2,6
"12","Peru",9,5,4,7,"Argentina",8,3,5,6,"Russia",10,2,8,7,"Spain",7,4,3,5,"Portugal",8,3,5,7,"Uruguay",6,6,0,6,"Croatia",5,2,3,7,"Denmark",7,6,1,5,"Switzerland",9,5,4,9,"Mexico",6,5,1,4,"Belgium",8,3,5,9,"Senegal",3,5,-2,3,"Germany",9,1,8,9,"Brazil",6,4,2,6,"Poland",5,6,-1,9,"England",5,4,1,6
"13","Peru",10,5,5,9,"Croatia",3,3,0,3,"Russia",4,0,4,7,"Portugal",7,4,3,6,"Spain",7,1,6,9,"Uruguay",6,4,2,7,"Argentina",7,2,5,7,"France",10,6,4,6,"Serbia",7,4,3,7,"Germany",8,4,4,6,"Belgium",7,4,3,7,"Senegal",7,4,3,5,"Sweden",5,3,2,7,"Brazil",8,6,2,5,"Poland",6,3,3,5,"England",7,7,0,4
"14","Peru",7,3,4,7,"Croatia",5,4,1,6,"Uruguay",10,2,8,9,"Morocco",5,5,0,4,"Portugal",6,2,4,7,"Egypt",6,7,-1,4,"Argentina",9,4,5,9,"France",5,6,-1,6,"Brazil",11,4,7,9,"Germany",8,5,3,4,"Belgium",8,4,4,7,"Senegal",5,8,-3,4,"Mexico",6,7,-1,7,"Switzerland",7,5,2,6,"Poland",8,7,1,9,"England",4,3,1,5
"15","France",7,2,5,9,"Croatia",6,5,1,6,"Uruguay",9,2,7,9,"Spain",4,5,-1,4,"Portugal",8,5,3,6,"Egypt",6,5,1,6,"Argentina",8,3,5,9,"Australia",3,5,-2,3,"Brazil",8,4,4,9,"Sweden",6,6,0,4,"Belgium",9,3,6,7,"Poland",5,6,-1,4,"Germany",5,1,4,5,"Switzerland",5,4,1,4,"Colombia",6,4,2,9,"England",8,5,3,5
"16","France",9,4,5,6,"Croatia",6,2,4,7,"Russia",4,0,4,7,"Spain",4,3,1,6,"Portugal",9,1,8,9,"Uruguay",7,3,4,6,"Argentina",6,4,2,7,"Peru",7,3,4,6,"Brazil",10,2,8,7,"Mexico",4,1,3,7,"England",4,3,1,5,"Poland",5,4,1,6,"Germany",7,1,6,7,"Switzerland",6,4,2,5,"Colombia",5,4,1,9,"Panama",4,4,0,4
"17","Peru",6,2,4,9,"Nigeria",5,5,0,4,"Uruguay",10,2,8,7,"Spain",8,3,5,6,"Portugal",10,2,8,9,"Egypt",8,4,4,7,"Argentina",5,4,1,5,"France",4,3,1,4,"Brazil",4,3,1,6,"Sweden",3,3,0,4,"England",9,4,5,9,"Poland",5,3,2,4,"Germany",6,3,3,9,"Switzerland",6,5,1,6,"Colombia",4,2,2,7,"Tunisia",4,4,0,4
"18","France",7,6,1,5,"Nigeria",4,3,1,5,"Russia",7,3,4,6,"Iran",3,4,-1,4,"Portugal",10,5,5,9,"Uruguay",7,5,2,6,"Iceland",4,3,1,5,"Denmark",7,7,0,4,"Brazil",8,6,2,5,"Sweden",3,3,0,4,"Belgium",6,3,3,7,"Senegal",6,5,1,6,"Germany",7,3,4,7,"Costa Rica",6,5,1,4,"Colombia",9,4,5,9,"England",6,4,2,7
"19","France",4,2,2,7,"Argentina",5,4,1,4,"Russia",10,3,7,7,"Spain",7,5,2,7,"Portugal",7,3,4,7,"Uruguay",9,5,4,5,"Croatia",5,3,2,6,"Denmark",4,2,2,6,"Brazil",8,1,7,9,"Sweden",5,5,0,4,"Belgium",5,1,4,7,"Poland",6,5,1,6,"Germany",9,3,6,9,"Serbia",5,7,-2,4,"Colombia",8,3,5,9,"England",6,4,2,7
"20","Peru",10,4,6,9,"Croatia",3,3,0,6,"Russia",6,3,3,9,"Portugal",8,3,5,6,"Spain",7,2,5,9,"Egypt",5,2,3,6,"Argentina",7,1,6,9,"France",7,6,1,6,"Brazil",7,3,4,6,"South Korea",4,5,-1,4,"England",8,1,7,7,"Poland",6,6,0,4,"Germany",10,4,6,9,"Switzerland",6,4,2,6,"Colombia",8,2,6,9,"Tunisia",4,5,-1,6
"21","Peru",7,5,2,5,"Argentina",7,5,2,6,"Russia",7,3,4,6,"Portugal",8,2,6,6,"Spain",4,2,2,7,"Uruguay",7,3,4,6,"Croatia",6,4,2,7,"France",5,5,0,4,"Switzerland",6,2,4,9,"Germany",7,4,3,6,"England",6,3,3,7,"Senegal",5,7,-2,4,"Sweden",6,3,3,9,"Brazil",8,4,4,6,"Poland",6,7,-1,9,"Belgium",6,4,2,4
"22","France",8,5,3,7,"Argentina",8,5,3,6,"Russia",8,3,5,9,"Morocco",3,4,-1,4,"Spain",6,3,3,7,"Egypt",5,5,0,4,"Croatia",6,3,3,7,"Denmark",7,3,4,7,"Brazil",5,3,2,7,"Mexico",7,9,-2,5,"Belgium",7,2,5,9,"Senegal",4,10,-6,3,"Germany",10,4,6,7,"Serbia",3,3,0,4,"Poland",6,7,-1,9,"England",6,5,1,6
"23","Denmark",6,3,3,6,"Croatia",6,3,3,6,"Egypt",9,3,6,6,"Spain",6,4,2,6,"Portugal",9,0,9,9,"Uruguay",8,6,2,6,"Argentina",9,1,8,9,"France",6,4,2,4,"Brazil",7,2,5,9,"Sweden",5,5,0,4,"England",5,2,3,7,"Poland",4,4,0,6,"Germany",8,1,7,7,"Switzerland",3,3,0,4,"Colombia",4,3,1,9,"Belgium",3,3,0,4
"24","Peru",7,4,3,9,"Nigeria",2,3,-1,4,"Egypt",9,2,7,7,"Spain",5,4,1,5,"Portugal",10,4,6,7,"Uruguay",8,4,4,7,"Argentina",8,2,6,9,"France",5,3,2,4,"Brazil",9,2,7,9,"Sweden",4,6,-2,6,"England",6,2,4,7,"Colombia",5,4,1,5,"Germany",7,2,5,7,"Switzerland",3,4,-1,4,"Poland",5,3,2,7,"Belgium",9,5,4,6
"25","Peru",8,5,3,7,"Croatia",6,5,1,6,"Uruguay",8,2,6,9,"Portugal",9,2,7,6,"Spain",6,2,4,7,"Egypt",4,4,0,4,"Argentina",8,4,4,6,"France",8,4,4,6,"Brazil",8,1,7,9,"Mexico",6,7,-1,5,"England",5,1,4,9,"Senegal",4,7,-3,6,"Germany",8,3,5,7,"Switzerland",4,5,-1,3,"Poland",5,5,0,9,"Belgium",8,4,4,6
"26","France",6,2,4,7,"Argentina",5,4,1,6,"Uruguay",7,1,6,7,"Spain",6,2,4,7,"Portugal",8,2,6,7,"Russia",6,3,3,6,"Croatia",6,3,3,7,"Peru",3,2,1,5,"Brazil",6,5,1,5,"Sweden",4,4,0,4,"England",6,2,4,9,"Poland",7,5,2,6,"Germany",7,2,5,9,"Costa Rica",7,6,1,5,"Colombia",4,4,0,7,"Belgium",6,1,5,6
"27","France",8,2,6,9,"Argentina",8,3,5,6,"Russia",10,4,6,9,"Spain",7,4,3,7,"Portugal",9,4,5,7,"Uruguay",7,6,1,6,"Croatia",6,3,3,7,"Denmark",5,6,-1,6,"Brazil",9,2,7,7,"Sweden",7,5,2,6,"England",5,1,4,9,"Colombia",6,4,2,5,"Germany",10,4,6,9,"Switzerland",6,4,2,5,"Senegal",5,4,1,7,"Belgium",6,2,4,6
"28","France",7,5,2,6,"Argentina",6,3,3,6,"Russia",8,3,5,9,"Portugal",7,4,3,6,"Spain",7,3,4,9,"Egypt",4,2,2,6,"Croatia",5,1,4,7,"Peru",6,5,1,6,"Brazil",6,2,4,9,"Mexico",7,6,1,7,"England",6,4,2,7,"Senegal",6,5,1,4,"Germany",8,3,5,7,"Costa Rica",3,4,-1,4,"Poland",7,3,4,9,"Belgium",8,4,4,6
"29","France",11,2,9,9,"Croatia",7,4,3,6,"Russia",6,2,4,9,"Iran",4,4,0,6,"Portugal",8,2,6,7,"Uruguay",8,6,2,6,"Argentina",8,3,5,9,"Denmark",6,6,0,4,"Brazil",8,2,6,7,"Germany",7,4,3,4,"Belgium",7,3,4,6,"Poland",3,6,-3,6,"Sweden",7,3,4,7,"Switzerland",5,3,2,6,"Colombia",6,7,-1,7,"England",5,4,1,6
"30","France",7,2,5,9,"Argentina",5,4,1,6,"Russia",8,3,5,6,"Portugal",3,3,0,4,"Spain",7,2,5,9,"Uruguay",7,5,2,6,"Croatia",7,3,4,7,"Denmark",4,4,0,4,"Brazil",6,3,3,6,"Mexico",6,5,1,6,"England",8,4,4,7,"Colombia",4,6,-2,5,"Germany",11,2,9,9,"Switzerland",8,5,3,6,"Poland",3,5,-2,5,"Belgium",7,3,4,7
"31","Peru",6,3,3,7,"Argentina",6,3,3,6,"Russia",8,2,6,6,"Spain",5,4,1,6,"Portugal",6,3,3,6,"Uruguay",6,5,1,6,"Croatia",4,1,3,9,"France",4,3,1,4,"Brazil",5,4,1,5,"Mexico",6,5,1,5,"Tunisia",4,3,1,5,"Colombia",3,4,-1,5,"Germany",8,2,6,7,"Switzerland",5,7,-2,4,"Poland",7,5,2,7,"England",6,5,1,5
"32","France",6,2,4,7,"Croatia",8,6,2,6,"Russia",13,4,9,9,"Spain",9,6,3,7,"Portugal",9,4,5,7,"Egypt",6,4,2,6,"Argentina",10,2,8,9,"Australia",4,1,3,7,"Brazil",5,3,2,6,"Mexico",7,7,0,6,"Belgium",5,2,3,6,"Colombia",8,3,5,5,"Germany",5,2,3,7,"Costa Rica",5,4,1,5,"Poland",4,4,0,7,"England",4,2,2,6
"33","France",6,3,3,9,"Croatia",5,4,1,6,"Russia",5,6,-1,4,"Spain",6,3,3,7,"Portugal",9,3,6,7,"Uruguay",7,5,2,4,"Argentina",7,2,5,9,"Denmark",4,4,0,4,"Brazil",6,4,2,6,"Mexico",7,8,-1,7,"England",4,3,1,6,"Senegal",4,7,-3,4,"Germany",9,5,4,7,"Switzerland",6,4,2,6,"Poland",5,5,0,7,"Belgium",3,2,1,6
"34","France",9,1,8,9,"Argentina",7,6,1,6,"Uruguay",6,4,2,6,"Morocco",5,5,0,3,"Spain",3,1,2,7,"Russia",6,4,2,6,"Croatia",9,2,7,9,"Denmark",3,4,-1,4,"Brazil",8,3,5,9,"Sweden",5,3,2,6,"Belgium",5,2,3,7,"Senegal",7,4,3,6,"Germany",10,5,5,7,"Costa Rica",4,4,0,4,"Colombia",5,4,1,9,"England",5,2,3,7
"35","France",8,1,7,9,"Nigeria",4,5,-1,4,"Russia",5,1,4,7,"Spain",5,5,0,4,"Portugal",10,3,7,9,"Uruguay",5,4,1,4,"Argentina",6,1,5,9,"Australia",4,9,-5,3,"Brazil",9,4,5,9,"Mexico",7,6,1,6,"Belgium",8,2,6,9,"Japan",5,4,1,5,"Germany",8,3,5,9,"Switzerland",7,6,1,4,"Colombia",4,4,0,7,"England",4,2,2,6
"36","Peru",5,3,2,7,"Nigeria",2,3,-1,4,"Uruguay",8,3,5,9,"Portugal",5,3,2,4,"Spain",6,3,3,9,"Russia",7,3,4,6,"Argentina",8,2,6,9,"Denmark",5,1,4,6,"Brazil",10,2,8,9,"Mexico",5,5,0,5,"England",5,0,5,9,"Poland",5,5,0,6,"Germany",7,5,2,5,"Costa Rica",4,6,-2,4,"Colombia",8,8,0,9,"Belgium",5,5,0,6
"37","Australia",4,5,-1,6,"Argentina",6,4,2,5,"Russia",8,2,6,9,"Spain",7,5,2,7,"Portugal",9,4,5,7,"Uruguay",4,6,-2,4,"Croatia",8,3,5,7,"Peru",7,3,4,5,"Switzerland",7,1,6,9,"Sweden",3,7,-4,3,"England",6,1,5,7,"Senegal",3,4,-1,4,"Germany",10,3,7,9,"Brazil",5,4,1,4,"Poland",4,4,0,9,"Belgium",5,3,2,7
"38","Denmark",7,4,3,6,"Nigeria",5,3,2,6,"Uruguay",6,3,3,9,"Spain",3,2,1,6,"Portugal",6,4,2,6,"Russia",6,2,4,6,"Argentina",7,1,6,9,"France",4,4,0,6,"Costa Rica",8,6,2,7,"Germany",10,5,5,6,"Belgium",9,2,7,9,"Colombia",4,4,0,3,"Mexico",6,3,3,7,"Brazil",8,6,2,5,"Poland",7,7,0,7,"England",6,3,3,6
"39","Denmark",10,2,8,9,"Croatia",4,2,2,7,"Russia",6,4,2,6,"Portugal",4,3,1,6,"Spain",7,3,4,7,"Uruguay",9,4,5,6,"Argentina",6,1,5,7,"France",8,5,3,6,"Brazil",9,3,6,9,"Mexico",7,6,1,5,"England",8,3,5,7,"Colombia",4,4,0,6,"Germany",10,5,5,7,"Switzerland",6,5,1,4,"Poland",6,4,2,6,"Panama",4,5,-1,4
"40","Denmark",9,2,7,9,"Nigeria",4,6,-2,4,"Russia",8,3,5,9,"Portugal",5,6,-1,4,"Spain",8,4,4,7,"Uruguay",6,5,1,6,"Argentina",9,1,8,9,"France",6,5,1,6,"Brazil",6,3,3,7,"Mexico",4,6,-2,4,"Belgium",7,1,6,7,"Colombia",4,3,1,5,"Germany",10,5,5,6,"Switzerland",6,5,1,5,"Poland",5,7,-2,7,"Panama",2,4,-2,4
"41","Denmark",8,3,5,9,"Argentina",3,3,0,4,"Russia",7,3,4,7,"Spain",7,2,5,7,"Portugal",8,4,4,7,"Uruguay",4,3,1,5,"Nigeria",3,3,0,6,"France",5,5,0,4,"Brazil",7,3,4,7,"Germany",7,4,3,6,"England",11,4,7,9,"Poland",5,9,-4,6,"Mexico",8,6,2,9,"Switzerland",3,3,0,6,"Colombia",6,2,4,9,"Panama",2,7,-5,3
"42","Denmark",6,4,2,7,"Iceland",3,2,1,4,"Russia",5,0,5,7,"Portugal",6,4,2,6,"Spain",5,1,4,7,"Uruguay",7,4,3,5,"Argentina",8,3,5,9,"Peru",7,3,4,6,"Switzerland",5,2,3,7,"Mexico",6,6,0,5,"Belgium",8,2,6,9,"Poland",6,6,0,6,"Germany",7,2,5,7,"Brazil",5,4,1,5,"Colombia",8,5,3,9,"England",6,5,1,6
"43","France",10,3,7,7,"Nigeria",3,5,-2,4,"Russia",8,2,6,9,"Spain",3,3,0,6,"Portugal",7,1,6,9,"Uruguay",5,5,0,3,"Argentina",6,2,4,7,"Denmark",6,5,1,5,"Brazil",9,6,3,6,"Sweden",6,6,0,4,"Belgium",7,3,4,7,"Poland",5,1,4,4,"Germany",10,4,6,9,"Switzerland",8,5,3,6,"Colombia",7,5,2,9,"Tunisia",3,1,2,5
"44","France",8,2,6,7,"Croatia",6,6,0,4,"Russia",6,3,3,5,"Spain",5,3,2,5,"Portugal",5,1,4,7,"Uruguay",8,4,4,5,"Argentina",8,4,4,9,"Peru",7,3,4,7,"Brazil",8,6,2,6,"Sweden",5,5,0,6,"England",6,2,4,7,"Poland",5,4,1,6,"Germany",10,4,6,7,"Costa Rica",5,5,0,6,"Colombia",6,5,1,7,"Panama",1,3,-2,4
"45","Australia",6,5,1,6,"Argentina",5,3,2,6,"Russia",10,3,7,9,"Portugal",6,3,3,6,"Spain",5,2,3,9,"Uruguay",6,4,2,6,"Croatia",7,1,6,9,"Peru",5,4,1,6,"Brazil",9,3,6,9,"Germany",8,2,6,5,"England",5,3,2,7,"Senegal",3,7,-4,4,"Sweden",7,4,3,7,"Switzerland",9,5,4,6,"Poland",5,6,-1,9,"Belgium",8,4,4,6
"46","France",8,4,4,7,"Iceland",3,4,-1,4,"Uruguay",5,1,4,7,"Portugal",4,4,0,4,"Spain",4,0,4,9,"Russia",4,3,1,4,"Argentina",8,2,6,9,"Denmark",7,5,2,6,"Costa Rica",7,4,3,9,"Germany",8,6,2,6,"Belgium",6,3,3,7,"Senegal",4,5,-1,4,"Mexico",6,6,0,7,"Switzerland",6,5,1,4,"Poland",4,6,-2,7,"England",3,2,1,6
"47","Peru",7,5,2,7,"Croatia",5,3,2,6,"Uruguay",7,4,3,7,"Spain",4,3,1,5,"Portugal",7,2,5,7,"Egypt",7,6,1,6,"Argentina",6,2,4,9,"Denmark",3,4,-1,4,"Switzerland",7,5,2,7,"Sweden",6,3,3,6,"England",6,2,4,9,"Senegal",5,4,1,4,"Germany",5,3,2,7,"Brazil",6,4,2,6,"Poland",6,3,3,7,"Belgium",6,4,2,6
"48","Peru",6,4,2,7,"Iceland",3,3,0,4,"Uruguay",7,2,5,7,"Spain",4,3,1,6,"Portugal",6,3,3,6,"Saudi Arabia",5,3,2,5,"Argentina",6,2,4,6,"France",7,3,4,6,"Costa Rica",7,5,2,7,"Mexico",6,6,0,6,"Belgium",9,5,4,9,"Senegal",2,8,-6,3,"Germany",13,4,9,9,"Switzerland",5,4,1,5,"Poland",6,6,0,9,"Tunisia",6,4,2,4
"49","Peru",9,5,4,7,"Argentina",6,2,4,6,"Russia",6,1,5,7,"Spain",5,4,1,5,"Portugal",8,3,5,7,"Uruguay",8,4,4,5,"Croatia",7,2,5,9,"France",10,3,7,6,"Brazil",6,2,4,7,"South Korea",6,8,-2,4,"Belgium",5,4,1,6,"Poland",4,3,1,6,"Germany",11,4,7,9,"Serbia",5,5,0,6,"Colombia",4,4,0,7,"Tunisia",5,5,0,4
"50","Peru",5,0,5,9,"Croatia",3,4,-1,4,"Uruguay",10,3,7,7,"Spain",6,5,1,5,"Portugal",6,4,2,5,"Russia",6,4,2,7,"Argentina",6,1,5,9,"France",4,4,0,4,"Brazil",6,3,3,7,"Sweden",5,6,-1,4,"Belgium",7,3,4,6,"Senegal",3,5,-2,4,"Germany",8,4,4,7,"Costa Rica",4,4,0,4,"Poland",7,5,2,9,"England",4,2,2,6
"51","France",8,6,2,6,"Croatia",3,5,-2,4,"Uruguay",8,3,5,7,"Spain",6,3,3,6,"Portugal",9,4,5,9,"Egypt",9,5,4,6,"Argentina",7,2,5,9,"Peru",7,6,1,6,"Brazil",7,2,5,7,"Mexico",5,4,1,6,"Belgium",6,2,4,9,"Poland",2,4,-2,4,"Germany",8,4,4,9,"Switzerland",5,3,2,5,"Colombia",6,3,3,9,"Tunisia",5,5,0,4
"52","France",7,5,2,7,"Nigeria",4,6,-2,4,"Russia",7,5,2,6,"Portugal",4,3,1,6,"Spain",6,1,5,9,"Uruguay",6,6,0,4,"Argentina",9,4,5,7,"Denmark",7,7,0,3,"Switzerland",6,3,3,6,"Mexico",3,5,-2,6,"Belgium",7,2,5,9,"Colombia",6,4,2,5,"Germany",7,4,3,6,"Brazil",7,5,2,4,"Poland",5,4,1,7,"England",4,4,0,6
"53","France",10,3,7,9,"Croatia",4,2,2,6,"Uruguay",8,3,5,9,"Spain",5,2,3,6,"Portugal",5,2,3,6,"Russia",8,6,2,6,"Argentina",7,1,6,9,"Denmark",6,3,3,6,"Brazil",9,4,5,9,"Germany",4,2,2,6,"Belgium",5,2,3,7,"Poland",7,6,1,6,"Mexico",7,3,4,9,"Switzerland",7,7,0,4,"Colombia",8,1,7,9,"Tunisia",4,3,1,5
"54","France",9,1,8,9,"Croatia",5,2,3,5,"Russia",5,4,1,7,"Portugal",6,5,1,6,"Spain",8,2,6,9,"Uruguay",8,6,2,4,"Argentina",6,4,2,7,"Australia",3,6,-3,3,"Brazil",8,2,6,7,"Mexico",6,3,3,7,"Belgium",8,3,5,9,"Poland",7,4,3,4,"Germany",6,3,3,7,"Switzerland",7,3,4,7,"Colombia",6,2,4,9,"England",7,4,3,6
"55","Peru",6,1,5,9,"Croatia",9,4,5,7,"Russia",5,2,3,7,"Spain",6,4,2,7,"Portugal",7,3,4,7,"Uruguay",7,3,4,7,"Argentina",8,5,3,7,"France",4,3,1,6,"Brazil",8,2,6,9,"Mexico",9,10,-1,6,"Belgium",10,2,8,9,"Japan",6,6,0,4,"Germany",11,5,6,9,"Switzerland",5,6,-1,3,"Poland",5,7,-2,7,"Panama",2,6,-4,2
"56","France",9,5,4,7,"Iceland",4,5,-1,4,"Uruguay",7,0,7,9,"Portugal",8,3,5,6,"Spain",6,3,3,9,"Egypt",4,5,-1,4,"Argentina",8,3,5,9,"Denmark",6,4,2,7,"Brazil",8,4,4,7,"South Korea",6,8,-2,4,"Belgium",7,2,5,7,"Poland",6,7,-1,6,"Germany",10,5,5,9,"Costa Rica",6,3,3,7,"Colombia",7,6,1,9,"England",5,2,3,7
"57","Australia",6,5,1,6,"Croatia",5,6,-1,4,"Russia",9,3,6,7,"Spain",6,5,1,5,"Portugal",9,3,6,7,"Uruguay",6,4,2,4,"Argentina",6,2,4,7,"Denmark",4,4,0,6,"Brazil",9,5,4,9,"Germany",9,4,5,6,"Belgium",7,4,3,6,"Colombia",6,3,3,5,"Mexico",6,5,1,7,"Switzerland",6,4,2,6,"Poland",6,6,0,7,"Panama",3,4,-1,4
"58","Peru",6,3,3,7,"Argentina",4,3,1,5,"Russia",9,3,6,9,"Portugal",10,4,6,6,"Spain",7,4,3,9,"Uruguay",7,5,2,6,"Argentina",3,1,2,7,"France",8,4,4,6,"Brazil",8,5,3,5,"Mexico",6,5,1,7,"England",7,1,6,9,"Poland",5,4,1,4,"Germany",5,2,3,7,"Switzerland",4,2,2,5,"Colombia",7,5,2,9,"Belgium",6,4,2,6
"59","France",8,4,4,9,"Croatia",5,4,1,5,"Uruguay",7,4,3,7,"Morocco",3,3,0,6,"Portugal",6,2,4,7,"Russia",6,3,3,6,"Croatia",8,5,3,7,"Denmark",6,6,0,4,"Switzerland",6,2,4,7,"Sweden",8,5,3,6,"Belgium",7,3,4,9,"Poland",4,2,2,6,"Germany",8,4,4,7,"Brazil",5,4,1,4,"Colombia",7,2,5,9,"England",6,5,1,6
"60","France",10,3,7,9,"Croatia",6,4,2,6,"Russia",8,1,7,9,"Spain",6,4,2,5,"Portugal",7,4,3,7,"Uruguay",5,5,0,6,"Argentina",7,4,3,6,"Denmark",5,4,1,4,"Brazil",6,4,2,5,"Mexico",4,3,1,4,"Belgium",8,2,6,7,"Poland",6,7,-1,6,"Germany",7,4,3,7,"Switzerland",6,5,1,5,"Colombia",4,2,2,9,"England",6,4,2,6
"61","France",8,5,3,7,"Croatia",5,4,1,4,"Russia",7,2,5,7,"Spain",7,2,5,7,"Portugal",6,3,3,7,"Saudi Arabia",6,7,-1,4,"Argentina",6,2,4,7,"Denmark",8,8,0,6,"Brazil",5,2,3,7,"Mexico",5,4,1,6,"Belgium",6,1,5,9,"Poland",5,5,0,6,"Germany",9,4,5,9,"Costa Rica",7,4,3,6,"Colombia",7,3,4,9,"Tunisia",4,4,0,4
"62","Peru",8,5,3,9,"Nigeria",4,3,1,6,"Russia",8,5,3,6,"Spain",6,5,1,5,"Portugal",8,3,5,7,"Uruguay",5,6,-1,4,"Argentina",9,4,5,9,"France",7,5,2,6,"Brazil",5,4,1,5,"Sweden",6,7,-1,3,"Belgium",9,2,7,7,"Senegal",3,9,-6,3,"Germany",9,4,5,9,"Switzerland",6,5,1,5,"Poland",6,7,-1,9,"England",5,3,2,7
"63","France",9,3,6,7,"Croatia",3,5,-2,4,"Russia",9,2,7,9,"Spain",5,4,1,5,"Portugal",8,3,5,7,"Egypt",6,4,2,6,"Argentina",9,2,7,9,"Denmark",6,5,1,5,"Brazil",10,2,8,9,"Sweden",7,4,3,6,"England",5,2,3,7,"Senegal",2,5,-3,3,"Germany",6,4,2,6,"Switzerland",5,3,2,6,"Poland",5,5,0,9,"Belgium",6,4,2,6
"64","France",9,2,7,9,"Croatia",2,1,1,6,"Russia",7,4,3,6,"Portugal",7,2,5,6,"Spain",6,2,4,7,"Uruguay",7,4,3,6,"Argentina",7,2,5,7,"Australia",4,8,-4,3,"Switzerland",6,2,4,7,"Germany",5,5,0,6,"Belgium",8,3,5,9,"Poland",4,3,1,6,"Sweden",7,4,3,7,"Brazil",6,4,2,6,"Colombia",5,3,2,9,"England",5,3,2,6
"65","France",7,2,5,7,"Croatia",4,4,0,4,"Russia",5,2,3,6,"Iran",3,4,-1,4,"Portugal",7,1,6,9,"Uruguay",4,4,0,6,"Argentina",6,3,3,7,"Denmark",6,4,2,5,"Brazil",10,1,9,9,"Sweden",5,8,-3,3,"Belgium",10,1,9,9,"Poland",3,5,-2,6,"Germany",10,2,8,9,"Switzerland",5,6,-1,4,"Colombia",6,3,3,7,"England",4,5,-1,4
"66","Peru",8,3,5,7,"Croatia",5,4,1,4,"Uruguay",8,2,6,9,"Spain",3,5,-2,4,"Portugal",9,1,8,9,"Russia",6,3,3,6,"Argentina",7,2,5,9,"France",6,5,1,6,"Brazil",7,4,3,5,"Sweden",3,4,-1,4,"England",8,3,5,9,"Poland",7,5,2,6,"Germany",7,2,5,9,"Switzerland",5,4,1,5,"Colombia",4,3,1,7,"Belgium",7,6,1,4
"67","France",6,4,2,5,"Nigeria",4,5,-1,4,"Uruguay",5,1,4,9,"Morocco",6,7,-1,4,"Portugal",7,3,4,9,"Russia",6,3,3,6,"Argentina",7,2,5,9,"Denmark",6,2,4,5,"Brazil",9,4,5,6,"Mexico",7,7,0,6,"Tunisia",3,2,1,6,"Senegal",4,7,-3,3,"Germany",8,4,4,9,"Costa Rica",6,4,2,6,"Poland",6,7,-1,9,"England",3,2,1,5
"68","Denmark",7,5,2,7,"Argentina",8,6,2,6,"Uruguay",6,2,4,7,"Portugal",5,4,1,6,"Spain",5,1,4,9,"Russia",5,4,1,6,"Croatia",8,3,5,9,"Denmark",6,4,2,6,"Brazil",8,6,2,7,"Germany",8,3,5,5,"Belgium",7,1,6,9,"Poland",6,5,1,6,"Mexico",5,2,3,7,"Switzerland",5,4,1,4,"Colombia",9,4,5,7,"England",5,3,2,6
"69","Peru",7,2,5,9,"Croatia",5,4,1,5,"Russia",6,1,5,9,"Portugal",4,5,-1,6,"Spain",8,1,7,9,"Uruguay",7,3,4,4,"Argentina",6,5,1,5,"France",7,4,3,6,"Brazil",4,3,1,6,"Germany",8,4,4,6,"England",9,2,7,9,"Poland",7,4,3,4,"Mexico",7,6,1,9,"Switzerland",6,3,3,6,"Colombia",7,4,3,9,"Belgium",4,4,0,6
"70","France",7,0,7,9,"Iceland",5,3,2,7,"Russia",9,0,9,9,"Spain",4,2,2,5,"Portugal",7,3,4,7,"Uruguay",6,5,1,6,"Argentina",7,4,3,7,"Australia",6,8,-2,3,"Brazil",8,5,3,9,"Mexico",8,3,5,7,"Belgium",5,2,3,9,"Colombia",6,4,2,5,"Germany",9,2,7,7,"Switzerland",6,5,1,4,"Poland",7,4,3,7,"England",6,4,2,6
"71","Peru",5,3,2,6,"Argentina",7,6,1,6,"Uruguay",8,3,5,7,"Spain",6,3,3,7,"Portugal",7,4,3,7,"Egypt",5,4,1,6,"Croatia",7,3,4,7,"Australia",4,5,-1,4,"Switzerland",5,1,4,9,"Mexico",5,4,1,6,"Belgium",8,3,5,9,"Colombia",6,5,1,5,"Germany",6,3,3,7,"Brazil",3,4,-1,4,"Poland",4,6,-2,7,"Tunisia",5,5,0,4
"72","France",6,3,3,6,"Croatia",3,2,1,5,"Russia",6,2,4,9,"Spain",7,5,2,5,"Portugal",9,3,6,7,"Egypt",7,5,2,6,"Argentina",5,2,3,5,"Denmark",5,3,2,6,"Brazil",6,3,3,9,"Mexico",5,3,2,4,"Belgium",6,2,4,7,"Poland",6,5,1,6,"Germany",9,2,7,9,"Switzerland",4,4,0,4,"Colombia",7,2,5,9,"Tunisia",5,4,1,5
"73","France",6,3,3,7,"Croatia",6,3,3,7,"Russia",8,1,7,7,"Spain",7,4,3,6,"Portugal",10,2,8,9,"Uruguay",6,2,4,7,"Argentina",5,1,4,7,"Peru",3,3,0,4,"Brazil",4,3,1,5,"Mexico",6,4,2,7,"Belgium",7,4,3,7,"Senegal",5,5,0,4,"Germany",10,4,6,7,"Costa Rica",4,2,2,5,"Poland",6,4,2,7,"Tunisia",2,3,-1,4
"74","France",8,4,4,9,"Croatia",6,4,2,5,"Uruguay",9,3,6,7,"Spain",4,4,0,4,"Portugal",6,3,3,7,"Russia",5,5,0,4,"Argentina",5,2,3,7,"Denmark",6,6,0,4,"Switzerland",7,2,5,7,"Sweden",5,6,-1,6,"Belgium",8,3,5,7,"Colombia",6,4,2,5,"Germany",9,5,4,6,"Brazil",8,4,4,6,"Poland",6,7,-1,7,"England",4,2,2,7
"75","France",8,4,4,6,"Argentina",5,4,1,6,"Russia",8,3,5,7,"Spain",5,2,3,4,"Portugal",7,2,5,9,"Uruguay",5,5,0,4,"Croatia",6,2,4,9,"Australia",3,6,-3,4,"Costa Rica",9,5,4,7,"Sweden",5,7,-2,6,"Belgium",7,1,6,9,"Poland",8,1,7,6,"Germany",7,2,5,7,"Brazil",7,5,2,5,"Senegal",5,4,1,9,"England",2,2,0,4
"76","France",6,2,4,7,"Croatia",4,2,2,5,"Russia",6,6,0,6,"Portugal",7,5,2,6,"Spain",6,2,4,7,"Uruguay",8,5,3,6,"Argentina",7,3,4,7,"Peru",5,3,2,6,"Costa Rica",5,5,0,6,"Mexico",6,3,3,6,"Belgium",9,6,3,6,"Poland",8,5,3,6,"Germany",5,1,4,7,"Brazil",8,4,4,5,"Colombia",7,2,5,9,"England",4,3,1,5
"77","France",7,5,2,6,"Nigeria",4,3,1,5,"Uruguay",9,5,4,7,"Portugal",6,2,4,6,"Spain",5,2,3,7,"Russia",8,4,4,6,"Argentina",5,1,4,7,"Peru",6,3,3,6,"Brazil",7,2,5,9,"Mexico",5,6,-1,6,"Belgium",5,3,2,7,"Japan",6,6,0,4,"Germany",9,4,5,6,"Switzerland",5,5,0,3,"Poland",5,7,-2,7,"England",4,3,1,5
"78","France",10,4,6,9,"Argentina",6,3,3,4,"Russia",12,1,11,9,"Spain",5,5,0,6,"Portugal",8,3,5,9,"Uruguay",7,4,3,6,"Croatia",6,2,4,9,"Peru",7,5,2,6,"Brazil",8,4,4,7,"Mexico",3,2,1,6,"England",8,2,6,9,"Senegal",5,5,0,5,"Germany",8,2,6,9,"Switzerland",7,4,3,5,"Poland",4,4,0,5,"Belgium",4,4,0,4
"79","France",8,3,5,9,"Argentina",4,5,-1,4,"Russia",5,1,4,9,"Portugal",7,5,2,6,"Spain",6,2,4,9,"Uruguay",5,3,2,4,"Croatia",4,2,2,5,"Australia",2,7,-5,3,"Brazil",7,5,2,7,"South Korea",4,5,-1,4,"Belgium",7,3,4,9,"Senegal",5,5,0,4,"Germany",11,4,7,9,"Costa Rica",6,5,1,6,"Poland",7,4,3,7,"Panama",3,4,-1,3
"80","France",9,4,5,7,"Nigeria",2,3,-1,4,"Uruguay",9,3,6,9,"Spain",9,6,3,4,"Portugal",10,5,5,9,"Russia",6,3,3,6,"Argentina",5,3,2,5,"Peru",7,5,2,5,"Brazil",11,1,10,9,"Sweden",5,4,1,6,"Belgium",9,4,5,9,"Poland",6,5,1,6,"Germany",9,5,4,7,"Switzerland",5,6,-1,6,"Colombia",6,3,3,9,"England",6,5,1,6
"81","France",8,3,5,7,"Nigeria",5,5,0,6,"Uruguay",9,4,5,9,"Spain",4,2,2,6,"Portugal",8,3,5,9,"Russia",8,4,4,6,"Argentina",9,5,4,7,"Australia",5,6,-1,4,"Brazil",9,3,6,9,"Sweden",4,5,-1,6,"Belgium",8,3,5,9,"Poland",5,4,1,4,"Germany",7,2,5,9,"Costa Rica",6,5,1,4,"Colombia",6,2,4,5,"England",4,4,0,4
"82","Peru",6,3,3,6,"Nigeria",3,4,-1,4,"Uruguay",9,3,6,6,"Spain",3,3,0,3,"Portugal",4,3,1,5,"Egypt",8,6,2,6,"Argentina",6,3,3,4,"Denmark",5,4,1,5,"Brazil",6,3,3,6,"Mexico",6,6,0,5,"Belgium",9,2,7,9,"Poland",4,5,-1,4,"Germany",9,4,5,7,"Switzerland",5,4,1,6,"Colombia",8,1,7,9,"England",6,3,3,6
"83","France",8,4,4,9,"Argentina",6,4,2,6,"Uruguay",9,3,6,9,"Portugal",6,1,5,7,"Spain",7,2,5,7,"Russia",7,3,4,6,"Croatia",5,3,2,7,"Peru",6,5,1,4,"Switzerland",7,5,2,7,"Mexico",6,7,-1,6,"England",6,2,4,7,"Poland",8,6,2,6,"Germany",8,5,3,6,"Brazil",5,3,2,6,"Colombia",7,7,0,9,"Belgium",6,2,4,6
"84","France",10,4,6,7,"Argentina",6,4,2,6,"Russia",6,4,2,6,"Portugal",5,6,-1,4,"Spain",12,3,9,9,"Uruguay",7,4,3,5,"Croatia",6,3,3,9,"Peru",6,6,0,4,"Serbia",7,1,6,9,"Sweden",5,4,1,6,"Belgium",8,0,8,9,"Japan",3,5,-2,4,"Germany",4,2,2,6,"Brazil",7,4,3,6,"Poland",5,4,1,7,"England",4,4,0,6
"85","France",9,1,8,9,"Nigeria",4,3,1,5,"Russia",10,2,8,9,"Spain",5,3,2,4,"Portugal",5,6,-1,4,"Uruguay",5,5,0,4,"Argentina",7,3,4,7,"Peru",4,2,2,6,"Brazil",5,4,1,6,"Mexico",4,5,-1,6,"Belgium",7,3,4,9,"Poland",4,6,-2,4,"Germany",8,2,6,9,"Switzerland",7,5,2,5,"Colombia",3,5,-2,7,"England",4,2,2,6
"86","France",8,4,4,9,"Croatia",3,2,1,4,"Uruguay",9,2,7,9,"Portugal",7,4,3,7,"Spain",10,5,5,7,"Egypt",7,5,2,4,"Argentina",5,1,4,7,"Australia",4,5,-1,4,"Brazil",9,2,7,9,"Mexico",5,2,3,7,"Belgium",9,4,5,7,"Poland",6,5,1,6,"Germany",9,3,6,7,"Costa Rica",6,6,0,6,"Colombia",10,4,6,9,"Tunisia",4,5,-1,4
"87","France",9,3,6,7,"Argentina",7,4,3,6,"Egypt",4,1,3,7,"Spain",4,3,1,4,"Portugal",8,4,4,9,"Uruguay",8,3,5,6,"Croatia",6,3,3,7,"Denmark",5,5,0,6,"Brazil",8,5,3,7,"South Korea",5,4,1,5,"Belgium",9,2,7,9,"Senegal",4,8,-4,6,"Germany",6,5,1,5,"Serbia",6,6,0,4,"Poland",5,6,-1,9,"England",2,3,-1,4
"88","France",8,4,4,7,"Argentina",4,3,1,6,"Russia",9,3,6,7,"Portugal",7,4,3,6,"Spain",7,4,3,7,"Uruguay",8,5,3,4,"Croatia",7,4,3,7,"Australia",5,4,1,4,"Brazil",6,2,4,7,"Sweden",7,8,-1,4,"England",7,3,4,9,"Poland",2,7,-5,3,"Germany",11,5,6,9,"Switzerland",4,4,0,4,"Colombia",6,2,4,9,"Tunisia",6,4,2,6
"89","France",8,4,4,7,"Croatia",6,4,2,6,"Russia",11,3,8,9,"Spain",8,4,4,7,"Portugal",7,4,3,7,"Uruguay",7,7,0,4,"Argentina",8,4,4,6,"Denmark",6,5,1,5,"Brazil",7,1,6,9,"Sweden",4,5,-1,4,"Belgium",6,2,4,6,"Poland",9,7,2,6,"Germany",9,4,5,7,"Switzerland",6,2,4,6,"Colombia",7,5,2,9,"Tunisia",4,3,1,5
"90","Denmark",8,5,3,5,"Argentina",5,4,1,4,"Uruguay",7,2,5,7,"Morocco",3,6,-3,4,"Portugal",7,1,6,7,"Egypt",4,4,0,4,"Croatia",7,6,1,6,"France",7,6,1,5,"Brazil",9,3,6,9,"Mexico",3,4,-1,4,"Belgium",9,4,5,7,"Senegal",3,5,-2,4,"Germany",8,2,6,6,"Costa Rica",6,6,0,6,"Poland",8,3,5,7,"England",4,3,1,5
"91","France",5,4,1,5,"Argentina",4,3,1,6,"Russia",8,3,5,9,"Spain",5,3,2,6,"Portugal",7,3,4,6,"Uruguay",8,6,2,6,"Croatia",7,3,4,9,"Peru",3,2,1,5,"Switzerland",10,5,5,9,"Mexico",5,4,1,5,"England",8,2,6,7,"Poland",6,5,1,6,"Germany",8,1,7,7,"Brazil",7,5,2,6,"Colombia",5,2,3,9,"Belgium",4,3,1,5
"92","France",11,3,8,9,"Croatia",5,2,3,6,"Uruguay",6,2,4,7,"Portugal",5,3,2,6,"Spain",7,2,5,9,"Egypt",5,1,4,7,"Argentina",6,5,1,6,"Peru",4,5,-1,4,"Switzerland",6,1,5,9,"Sweden",5,3,2,6,"England",8,3,5,7,"Colombia",3,4,-1,3,"Germany",7,6,1,6,"Brazil",6,6,0,6,"Poland",6,4,2,7,"Belgium",5,4,1,5
"93","Peru",9,4,5,9,"Iceland",3,3,0,4,"Russia",10,3,7,9,"Spain",6,2,4,7,"Portugal",8,3,5,7,"Uruguay",5,4,1,6,"Argentina",6,1,5,9,"France",6,4,2,6,"Brazil",8,2,6,9,"Germany",7,5,2,6,"England",8,2,6,9,"Colombia",6,4,2,5,"Mexico",8,5,3,9,"Switzerland",5,4,1,4,"Poland",2,4,-2,5,"Belgium",6,4,2,4
"94","France",9,3,6,7,"Croatia",6,4,2,6,"Russia",8,4,4,7,"Iran",4,7,-3,4,"Portugal",9,3,6,9,"Uruguay",7,3,4,7,"Argentina",8,3,5,9,"Peru",4,3,1,4,"Brazil",9,1,8,7,"Sweden",4,3,1,6,"England",9,4,5,9,"Senegal",3,5,-2,3,"Germany",7,4,3,6,"Switzerland",5,4,1,5,"Poland",5,6,-1,9,"Belgium",5,4,1,4
"95","France",7,4,3,7,"Croatia",4,2,2,5,"Uruguay",7,3,4,7,"Portugal",7,5,2,6,"Spain",5,3,2,7,"Egypt",6,5,1,4,"Croatia",3,2,1,6,"Peru",6,4,2,7,"Brazil",8,4,4,7,"Mexico",6,4,2,6,"England",5,1,4,7,"Senegal",7,4,3,6,"Germany",8,3,5,7,"Costa Rica",4,4,0,6,"Colombia",7,5,2,7,"Belgium",6,4,2,6
"96","France",6,2,4,9,"Croatia",4,3,1,5,"Russia",11,2,9,9,"Spain",6,4,2,5,"Portugal",9,5,4,6,"Uruguay",6,5,1,4,"Argentina",6,3,3,5,"Peru",6,5,1,6,"Brazil",7,2,5,9,"Sweden",3,2,1,6,"Belgium",6,2,4,7,"Poland",7,4,3,6,"Germany",7,4,3,6,"Costa Rica",7,6,1,6,"Senegal",5,3,2,7,"England",3,3,0,4
"97","France",9,3,6,7,"Iceland",3,3,0,4,"Russia",6,3,3,9,"Morocco",5,5,0,4,"Spain",5,2,3,9,"Uruguay",4,3,1,6,"Argentina",6,2,4,9,"Peru",6,5,1,4,"Switzerland",9,3,6,9,"Sweden",5,6,-1,4,"Belgium",6,3,3,7,"Poland",8,6,2,6,"Germany",10,3,7,7,"Brazil",6,2,4,6,"Colombia",4,5,-1,7,"England",6,5,1,6
"98","France",9,3,6,9,"Croatia",4,3,1,5,"Russia",6,1,5,9,"Iran",4,3,1,4,"Spain",5,2,3,7,"Uruguay",6,4,2,3,"Argentina",6,4,2,5,"Denmark",5,4,1,6,"Brazil",7,3,4,9,"Mexico",8,9,-1,7,"England",4,0,4,9,"Poland",3,6,-3,6,"Germany",9,6,3,7,"Serbia",5,4,1,4,"Colombia",5,3,2,7,"Belgium",6,1,5,6
"99","France",5,2,3,6,"Croatia",6,4,2,6,"Russia",8,1,7,7,"Iran",4,4,0,4,"Spain",8,3,5,7,"Uruguay",4,3,1,4,"Argentina",8,4,4,6,"Denmark",5,3,2,6,"Switzerland",8,4,4,9,"Mexico",7,5,2,6,"England",7,3,4,9,"Senegal",5,3,2,5,"Germany",8,4,4,9,"Brazil",5,6,-1,3,"Poland",8,2,6,5,"Tunisia",4,4,0,4
"100","Denmark",7,2,5,9,"Croatia",4,3,1,4,"Uruguay",9,4,5,9,"Spain",7,2,5,7,"Portugal",7,2,5,7,"Russia",8,3,5,6,"Argentina",5,4,1,6,"France",7,6,1,6,"Brazil",9,5,4,7,"Sweden",6,4,2,6,"Tunisia",3,2,1,5,"Poland",6,6,0,6,"Germany",8,3,5,6,"Costa Rica",6,4,2,6,"Colombia",7,3,4,7,"England",4,3,1,5
"101","France",9,3,6,7,"Croatia",6,5,1,6,"Uruguay",7,4,3,7,"Spain",5,4,1,6,"Portugal",8,3,5,6,"Russia",7,3,4,6,"Argentina",5,6,-1,6,"Peru",7,5,2,5,"Brazil",8,3,5,7,"Mexico",7,6,1,6,"Belgium",9,1,8,9,"Poland",5,2,3,4,"Germany",9,2,7,9,"Serbia",5,6,-1,4,"Colombia",9,3,6,9,"England",6,6,0,6
"102","France",8,5,3,7,"Croatia",3,2,1,4,"Uruguay",8,3,5,7,"Spain",3,2,1,6,"Portugal",7,1,6,9,"Russia",9,2,7,6,"Argentina",8,2,6,7,"Denmark",5,3,2,4,"Brazil",9,3,6,7,"Sweden",6,7,-1,4,"England",7,2,5,9,"Colombia",5,3,2,5,"Germany",11,3,8,9,"Costa Rica",6,4,2,5,"Poland",8,5,3,7,"Belgium",6,3,3,6
"103","Peru",6,1,5,7,"Croatia",4,4,0,4,"Russia",6,1,5,9,"Portugal",5,2,3,5,"Spain",5,2,3,7,"Egypt",4,3,1,6,"Argentina",7,3,4,7,"France",6,5,1,6,"Brazil",12,2,10,9,"Sweden",5,5,0,4,"Belgium",8,3,5,7,"Senegal",5,2,3,6,"Germany",6,3,3,5,"Switzerland",3,7,-4,2,"Poland",7,2,5,9,"England",5,4,1,4
"104","Peru",9,5,4,7,"Croatia",10,4,6,6,"Russia",8,1,7,9,"Morocco",6,5,1,6,"Portugal",8,3,5,9,"Uruguay",7,4,3,6,"Argentina",9,5,4,9,"Denmark",8,7,1,5,"Brazil",8,4,4,9,"Sweden",5,2,3,5,"England",9,3,6,9,"Senegal",6,5,1,5,"Germany",9,3,6,7,"Serbia",5,5,0,6,"Poland",9,4,5,5,"Belgium",9,3,6,6
"105","France",7,3,4,5,"Iceland",3,3,0,6,"Russia",8,4,4,7,"Spain",6,5,1,4,"Portugal",9,3,6,7,"Uruguay",10,5,5,5,"Argentina",8,2,6,7,"Australia",4,7,-3,4,"Brazil",8,2,6,7,"Mexico",7,4,3,6,"Belgium",9,2,7,7,"Colombia",8,3,5,5,"Germany",8,3,5,9,"Switzerland",7,3,4,7,"Poland",6,5,1,7,"England",3,3,0,4
"106","France",6,5,1,5,"Argentina",4,3,1,6,"Uruguay",7,3,4,9,"Iran",3,3,0,6,"Portugal",8,4,4,7,"Russia",6,5,1,4,"Croatia",5,2,3,7,"Peru",6,5,1,5,"Brazil",8,2,6,9,"Mexico",7,6,1,4,"England",4,3,1,6,"Poland",6,4,2,4,"Germany",8,2,6,9,"Costa Rica",3,2,1,6,"Colombia",5,5,0,7,"Tunisia",4,3,1,5
"107","France",7,2,5,7,"Iceland",5,2,3,6,"Russia",10,3,7,9,"Spain",8,6,2,6,"Portugal",7,5,2,6,"Uruguay",7,5,2,4,"Argentina",8,4,4,9,"Denmark",4,4,0,4,"Costa Rica",5,4,1,6,"Mexico",6,6,0,5,"England",6,2,4,7,"Poland",3,6,-3,6,"Germany",9,5,4,7,"Brazil",7,5,2,5,"Colombia",7,5,2,9,"Belgium",5,4,1,6
"108","France",8,3,5,7,"Iceland",3,1,2,6,"Uruguay",6,1,5,7,"Spain",7,4,3,5,"Portugal",5,4,1,5,"Russia",5,2,3,7,"Argentina",6,2,4,6,"Peru",5,3,2,7,"Brazil",5,2,3,6,"Germany",6,5,1,6,"Belgium",9,3,6,7,"Poland",6,6,0,6,"Mexico",7,6,1,7,"Switzerland",5,3,2,6,"Colombia",8,4,4,9,"England",4,6,-2,4
"109","Peru",8,3,5,9,"Croatia",6,4,2,5,"Russia",6,4,2,7,"Spain",7,5,2,5,"Portugal",7,3,4,6,"Uruguay",6,5,1,7,"Argentina",10,4,6,7,"France",8,6,2,6,"Switzerland",7,2,5,9,"Mexico",5,7,-2,4,"Belgium",8,1,7,9,"Senegal",4,6,-2,6,"Germany",11,5,6,9,"Brazil",5,5,0,4,"Poland",5,4,1,9,"England",4,5,-1,4
"110","France",5,2,3,7,"Iceland",4,1,3,6,"Uruguay",7,2,5,9,"Spain",6,4,2,5,"Portugal",7,3,4,6,"Russia",7,3,4,6,"Argentina",7,3,4,7,"Denmark",6,2,4,5,"Switzerland",9,4,5,9,"Mexico",5,4,1,5,"Panama",3,2,1,5,"Senegal",1,6,-5,3,"Germany",5,1,4,7,"Brazil",7,6,1,4,"Poland",3,5,-2,9,"England",5,3,2,5
"111","France",6,3,3,5,"Croatia",5,5,0,4,"Russia",7,2,5,7,"Spain",7,5,2,7,"Portugal",6,2,4,7,"Uruguay",6,2,4,7,"Argentina",8,3,5,7,"Peru",3,2,1,5,"Switzerland",6,3,3,7,"Sweden",6,4,2,6,"England",9,2,7,9,"Colombia",7,5,2,5,"Germany",9,3,6,6,"Brazil",8,4,4,6,"Poland",4,9,-5,7,"Belgium",4,4,0,6
"112","Denmark",6,5,1,6,"Croatia",5,3,2,5,"Uruguay",7,5,2,7,"Portugal",7,2,5,6,"Spain",6,1,5,9,"Russia",9,3,6,6,"Argentina",8,2,6,7,"France",4,6,-2,4,"Brazil",7,3,4,6,"Sweden",7,6,1,4,"Belgium",7,2,5,7,"Colombia",6,2,4,5,"Germany",9,4,5,9,"Switzerland",6,5,1,5,"Poland",5,6,-1,7,"Tunisia",2,3,-1,4
"113","France",6,4,2,6,"Iceland",3,4,-1,6,"Russia",5,1,4,9,"Portugal",8,4,4,6,"Spain",8,6,2,7,"Uruguay",6,3,3,4,"Argentina",8,2,6,9,"Peru",5,3,2,5,"Brazil",9,3,6,9,"Germany",8,5,3,6,"Tunisia",6,4,2,6,"Poland",6,4,2,6,"Mexico",7,6,1,7,"Switzerland",5,4,1,4,"Colombia",6,6,0,9,"England",6,3,3,6
"114","Denmark",7,4,3,7,"Iceland",5,5,0,6,"Uruguay",6,3,3,7,"Portugal",6,5,1,4,"Spain",5,3,2,6,"Russia",7,4,3,5,"Argentina",8,4,4,7,"France",7,3,4,6,"Brazil",9,4,5,7,"Mexico",6,5,1,7,"Belgium",8,1,7,9,"Colombia",4,4,0,5,"Germany",9,3,6,7,"Switzerland",7,5,2,6,"Poland",5,8,-3,7,"England",4,4,0,4
"115","Denmark",5,3,2,7,"Croatia",5,4,1,6,"Uruguay",9,3,6,7,"Iran",7,3,4,7,"Spain",6,4,2,7,"Russia",6,3,3,7,"Argentina",7,0,7,9,"France",6,6,0,4,"Brazil",7,4,3,7,"Mexico",4,5,-1,6,"Belgium",7,4,3,6,"Poland",7,5,2,6,"Germany",9,6,3,6,"Costa Rica",7,4,3,7,"Colombia",8,2,6,9,"England",5,4,1,6
"116","France",8,3,5,7,"Argentina",7,4,3,6,"Russia",11,1,10,9,"Spain",5,4,1,6,"Portugal",10,2,8,9,"Uruguay",4,3,1,6,"Croatia",7,3,4,7,"Denmark",6,5,1,5,"Switzerland",8,5,3,9,"Germany",5,3,2,5,"Belgium",7,3,4,7,"Poland",2,4,-2,4,"Mexico",8,5,3,7,"Brazil",8,5,3,6,"Colombia",4,1,3,9,"Tunisia",2,3,-1,4
"117","Denmark",6,3,3,9,"Iceland",4,4,0,6,"Uruguay",7,1,6,9,"Portugal",7,5,2,6,"Spain",8,4,4,9,"Russia",6,3,3,6,"Argentina",8,2,6,9,"France",5,5,0,4,"Brazil",6,3,3,6,"Sweden",7,5,2,5,"Tunisia",5,4,1,6,"Senegal",7,4,3,6,"Mexico",5,6,-1,6,"Switzerland",6,3,3,6,"Poland",6,3,3,9,"England",7,4,3,6
"118","France",7,3,4,5,"Iceland",4,2,2,6,"Uruguay",7,2,5,7,"Portugal",6,2,4,6,"Spain",8,2,6,9,"Russia",10,3,7,6,"Argentina",8,3,5,9,"Peru",4,2,2,5,"Brazil",7,2,5,6,"Mexico",7,5,2,7,"Belgium",6,3,3,7,"Senegal",3,9,-6,3,"Germany",5,1,4,7,"Switzerland",3,2,1,6,"Poland",4,7,-3,9,"England",4,4,0,4
"119","Denmark",7,3,4,7,"Iceland",3,4,-1,4,"Uruguay",8,4,4,7,"Spain",6,5,1,4,"Portugal",8,4,4,7,"Egypt",6,5,1,6,"Argentina",9,4,5,7,"France",6,3,3,6,"Switzerland",8,5,3,6,"Sweden",4,4,0,3,"England",5,2,3,7,"Colombia",7,4,3,5,"Germany",5,2,3,9,"Costa Rica",4,5,-1,4,"Poland",5,6,-1,7,"Belgium",6,3,3,6
"120","Denmark",8,3,5,9,"Nigeria",4,6,-2,6,"Uruguay",8,3,5,7,"Spain",6,2,4,5,"Portugal",6,3,3,5,"Russia",7,4,3,7,"Argentina",9,3,6,6,"France",8,3,5,6,"Switzerland",6,4,2,6,"Sweden",8,6,2,6,"Belgium",7,4,3,6,"Colombia",4,3,1,5,"Germany",8,3,5,9,"Costa Rica",5,5,0,4,"Poland",6,4,2,5,"England",7,5,2,6
"121","Denmark",8,4,4,9,"Nigeria",4,5,-1,4,"Uruguay",6,5,1,6,"Spain",6,3,3,7,"Portugal",8,2,6,7,"Egypt",6,4,2,5,"Argentina",8,2,6,9,"France",8,6,2,6,"Brazil",7,4,3,5,"Sweden",5,4,1,6,"Belgium",7,3,4,9,"Senegal",5,4,1,5,"Germany",11,4,7,9,"Switzerland",7,3,4,5,"Poland",4,4,0,5,"England",5,4,1,6
"122","France",6,4,2,6,"Iceland",4,4,0,4,"Russia",9,4,5,6,"Spain",6,4,2,4,"Portugal",7,2,5,7,"Uruguay",8,5,3,6,"Argentina",6,3,3,9,"Peru",8,4,4,6,"Switzerland",7,5,2,6,"Germany",7,5,2,4,"England",5,4,1,5,"Poland",4,6,-2,6,"Mexico",6,5,1,9,"Brazil",4,5,-1,4,"Colombia",7,5,2,9,"Tunisia",5,6,-1,4
"123","Denmark",8,3,5,7,"Croatia",3,2,1,5,"Russia",5,2,3,7,"Spain",5,2,3,6,"Portugal",5,0,5,9,"Uruguay",5,5,0,4,"Argentina",6,2,4,7,"Peru",7,6,1,6,"Brazil",7,1,6,7,"Germany",5,2,3,6,"Belgium",8,5,3,7,"Senegal",3,4,-1,3,"Mexico",4,3,1,7,"Serbia",1,4,-3,4,"Poland",4,3,1,5,"England",9,5,4,6
"124","Denmark",6,4,2,6,"Argentina",7,3,4,6,"Uruguay",9,3,6,7,"Portugal",5,3,2,5,"Spain",7,5,2,7,"Egypt",8,4,4,7,"Argentina",8,2,6,9,"Peru",8,6,2,6,"Brazil",7,3,4,9,"Sweden",5,6,-1,4,"Belgium",5,3,2,7,"Senegal",5,6,-1,6,"Germany",7,5,2,5,"Switzerland",4,5,-1,4,"Poland",6,5,1,9,"England",4,3,1,5
"125","France",8,4,4,7,"Nigeria",3,3,0,6,"Russia",11,4,7,6,"Spain",5,4,1,6,"Portugal",5,3,2,7,"Uruguay",10,6,4,6,"Argentina",8,1,7,7,"Denmark",4,6,-2,4,"Switzerland",7,3,4,9,"Sweden",6,5,1,6,"Belgium",9,3,6,7,"Poland",3,6,-3,5,"Germany",9,3,6,9,"Brazil",6,5,1,6,"Japan",6,4,2,7,"Panama",3,6,-3,4
"126","France",6,3,3,9,"Argentina",6,3,3,6,"Russia",7,1,6,7,"Spain",5,3,2,4,"Portugal",6,1,5,9,"Uruguay",4,3,1,5,"Croatia",6,2,4,9,"Denmark",3,3,0,4,"Switzerland",12,6,6,9,"Mexico",5,5,0,5,"Belgium",8,2,6,7,"Senegal",5,10,-5,4,"Germany",7,3,4,5,"Brazil",8,5,3,6,"Poland",8,7,1,9,"England",4,2,2,5
"127","France",9,3,6,9,"Croatia",5,4,1,6,"Uruguay",8,1,7,7,"Portugal",7,4,3,6,"Spain",7,2,5,9,"Egypt",7,3,4,7,"Argentina",6,4,2,7,"Denmark",6,4,2,4,"Brazil",5,3,2,6,"Mexico",6,5,1,7,"Belgium",7,3,4,7,"Colombia",2,3,-1,5,"Germany",9,2,7,7,"Switzerland",6,5,1,4,"Poland",3,4,-1,7,"England",3,4,-1,4
"128","France",8,4,4,7,"Argentina",6,5,1,6,"Egypt",10,2,8,9,"Spain",6,4,2,6,"Portugal",6,2,4,9,"Uruguay",5,3,2,4,"Croatia",6,2,4,7,"Denmark",6,3,3,7,"Brazil",9,3,6,6,"Mexico",3,4,-1,4,"Belgium",7,4,3,5,"Colombia",4,4,0,5,"Germany",8,3,5,9,"Switzerland",6,5,1,6,"Poland",4,6,-2,5,"England",4,3,1,5
"129","France",6,2,4,7,"Croatia",5,4,1,6,"Russia",9,3,6,9,"Spain",3,3,0,4,"Portugal",7,3,4,9,"Uruguay",6,4,2,4,"Argentina",8,2,6,9,"Denmark",3,5,-2,4,"Brazil",7,4,3,5,"Sweden",7,5,2,6,"England",6,0,6,7,"Poland",6,4,2,6,"Germany",12,4,8,9,"Serbia",3,5,-2,4,"Colombia",5,1,4,7,"Belgium",3,2,1,5
"130","France",5,4,1,5,"Argentina",5,2,3,4,"Uruguay",9,4,5,9,"Spain",5,5,0,4,"Portugal",5,6,-1,4,"Russia",6,2,4,6,"Croatia",5,1,4,7,"Denmark",5,2,3,5,"Brazil",8,4,4,7,"Mexico",7,8,-1,6,"Belgium",5,2,3,7,"Senegal",8,7,1,7,"Germany",8,3,5,6,"Costa Rica",5,7,-2,4,"Poland",8,5,3,7,"England",5,4,1,6
"131","France",7,3,4,7,"Croatia",2,1,1,5,"Uruguay",8,4,4,7,"Portugal",5,2,3,6,"Spain",6,2,4,9,"Russia",4,4,0,6,"Argentina",7,1,6,7,"Denmark",5,4,1,5,"Switzerland",7,4,3,7,"Mexico",7,7,0,4,"England",7,2,5,9,"Poland",9,4,5,4,"Germany",7,2,5,9,"Brazil",7,4,3,6,"Senegal",7,4,3,7,"Belgium",7,3,4,6
"132","Denmark",8,5,3,7,"Croatia",7,6,1,5,"Uruguay",7,3,4,9,"Portugal",7,5,2,6,"Spain",6,3,3,7,"Russia",9,3,6,6,"Argentina",9,3,6,6,"France",7,5,2,6,"Brazil",10,6,4,9,"Mexico",5,6,-1,4,"England",8,3,5,9,"Poland",5,3,2,6,"Germany",9,4,5,9,"Switzerland",6,4,2,6,"Colombia",5,4,1,7,"England",6,4,2,6
"133","Denmark",11,5,6,9,"Nigeria",5,3,2,6,"Russia",8,3,5,9,"Iran",6,5,1,6,"Spain",8,4,4,9,"Egypt",6,4,2,6,"Argentina",7,2,5,9,"Peru",7,5,2,6,"Costa Rica",7,4,3,7,"Mexico",4,6,-2,4,"Belgium",8,2,6,7,"Colombia",7,4,3,5,"Germany",7,1,6,7,"Brazil",7,5,2,5,"Poland",5,3,2,7,"England",5,4,1,5
"134","France",5,3,2,7,"Croatia",5,3,2,4,"Uruguay",8,2,6,7,"Portugal",9,2,7,6,"Spain",4,1,3,9,"Russia",7,2,5,6,"Argentina",7,3,4,7,"Peru",3,3,0,4,"Brazil",6,3,3,7,"Sweden",4,5,-1,6,"Belgium",6,2,4,7,"Senegal",7,6,1,6,"Germany",10,3,7,6,"Switzerland",9,6,3,7,"Poland",6,6,0,7,"England",4,4,0,4
"135","Denmark",8,3,5,9,"Argentina",5,3,2,6,"Russia",5,2,5,7,"Spain",8,5,3,6,"Portugal",7,3,4,9,"Uruguay",6,3,3,5,"Croatia",7,2,5,7,"Australia",4,7,-3,2,"Switzerland",6,3,3,9,"Sweden",5,5,0,4,"Belgium",8,4,4,7,"Poland",5,5,0,6,"Germany",7,4,3,7,"Brazil",8,4,4,6,"Colombia",4,3,1,9,"England",7,4,3,7
"136","France",10,3,7,9,"Croatia",5,6,-1,6,"Russia",5,1,4,7,"Portugal",5,6,-1,6,"Spain",9,1,8,9,"Uruguay",4,4,0,4,"Argentina",10,2,8,9,"Peru",7,5,2,4,"Brazil",7,3,4,7,"Germany",8,4,4,5,"England",9,4,5,9,"Senegal",4,6,-2,3,"Sweden",8,4,4,7,"Switzerland",4,2,2,7,"Poland",4,5,-1,9,"Belgium",7,5,2,6
"137","Denmark",8,4,4,7,"Croatia",5,2,3,6,"Russia",6,1,5,9,"Spain",6,2,4,6,"Portugal",6,4,2,6,"Uruguay",4,2,2,6,"Argentina",9,1,8,9,"Peru",8,4,4,7,"Switzerland",6,2,4,9,"Sweden",7,9,-2,4,"Belgium",9,4,5,9,"Poland",5,2,3,4,"Germany",12,3,9,9,"Brazil",5,5,0,3,"Colombia",8,4,4,9,"England",7,6,1,6
"138","France",7,2,5,9,"Croatia",6,5,1,5,"Uruguay",6,4,2,7,"Spain",4,5,-1,6,"Portugal",10,1,9,9,"Russia",8,3,5,6,"Argentina",8,4,4,7,"Denmark",8,5,3,6,"Brazil",9,3,6,9,"Germany",6,5,1,4,"Belgium",7,3,4,7,"Poland",5,5,0,6,"Mexico",5,7,-2,6,"Serbia",5,6,-1,4,"Colombia",7,4,3,9,"England",6,3,3,7
"139","France",7,4,3,6,"Argentina",5,5,0,4,"Uruguay",8,3,5,9,"Morocco",5,4,1,6,"Portugal",6,2,4,9,"Russia",6,3,3,6,"Croatia",6,5,1,6,"Denmark",8,4,4,6,"Brazil",6,4,2,7,"Mexico",5,6,-1,4,"Belgium",7,1,6,9,"Senegal",4,7,-3,4,"Germany",9,3,6,9,"Switzerland",4,4,0,4,"Poland",6,4,2,9,"England",4,5,-1,4
"140","France",7,2,5,7,"Nigeria",2,1,1,4,"Russia",7,3,4,6,"Spain",7,3,4,6,"Portugal",9,1,8,9,"Uruguay",6,4,2,6,"Argentina",4,2,2,7,"Denmark",6,4,2,5,"Switzerland",7,3,4,7,"Germany",10,4,6,6,"Belgium",7,3,4,7,"Colombia",5,3,2,5,"Mexico",7,6,1,7,"Brazil",4,3,1,4,"Poland",7,4,3,5,"England",6,4,2,6
"141","Denmark",6,5,1,5,"Nigeria",2,4,-2,4,"Russia",6,1,5,9,"Morocco",5,5,0,3,"Spain",6,3,3,7,"Uruguay",7,6,1,4,"Argentina",8,3,5,6,"Australia",5,5,0,4,"Brazil",8,2,6,9,"Mexico",6,3,3,6,"England",4,2,2,7,"Senegal",2,6,-4,4,"Germany",7,2,5,9,"Costa Rica",4,4,0,6,"Poland",5,5,0,9,"Belgium",8,3,5,6
"142","Australia",4,5,-1,6,"Nigeria",4,5,-1,4,"Uruguay",9,1,8,9,"Portugal",4,3,1,5,"Spain",5,3,2,7,"Russia",8,4,4,6,"Argentina",6,3,3,7,"France",4,2,2,6,"Brazil",7,4,3,6,"Sweden",6,6,0,4,"England",7,1,6,9,"Japan",4,4,0,4,"Germany",9,4,5,9,"Switzerland",6,4,2,6,"Poland",4,6,-2,7,"Belgium",6,4,2,6
"143","France",10,3,7,9,"Iceland",3,2,1,6,"Uruguay",7,2,5,7,"Morocco",7,6,1,6,"Portugal",6,2,4,7,"Russia",5,3,2,6,"Argentina",8,5,3,7,"Denmark",6,6,0,6,"Brazil",9,3,6,9,"Mexico",6,9,-3,4,"England",6,2,4,7,"Poland",7,3,4,6,"Germany",11,4,7,9,"Serbia",5,5,0,4,"Colombia",11,4,7,9,"Tunisia",4,4,0,6
"144","France",9,3,6,9,"Argentina",6,4,2,4,"Uruguay",8,2,6,7,"Iran",4,5,-1,4,"Portugal",9,2,7,9,"Russia",7,3,4,6,"Nigeria",4,5,-1,6,"Peru",7,6,1,6,"Brazil",8,3,5,6,"Germany",7,5,2,4,"Belgium",5,2,3,7,"Poland",5,6,-1,6,"Mexico",5,6,-1,6,"Switzerland",5,5,0,6,"Colombia",9,5,4,9,"England",3,3,0,4
"145","France",5,2,3,9,"Nigeria",5,3,2,6,"Russia",12,4,8,9,"Spain",6,3,3,6,"Portugal",6,2,4,9,"Uruguay",9,6,3,4,"Argentina",8,3,5,9,"Peru",5,2,3,6,"Brazil",8,5,3,7,"Mexico",7,4,3,7,"Belgium",9,3,6,7,"Poland",6,7,-1,6,"Germany",9,2,7,7,"Switzerland",6,2,4,7,"Colombia",6,4,2,9,"England",6,3,3,7
"146","France",9,2,7,9,"Croatia",5,4,1,5,"Uruguay",8,2,6,7,"Portugal",8,4,4,6,"Spain",8,4,4,9,"Egypt",5,4,1,5,"Argentina",6,3,3,5,"Denmark",5,9,-4,3,"Brazil",9,4,5,6,"Mexico",6,3,3,5,"Belgium",8,3,5,7,"Senegal",6,5,1,4,"Germany",7,4,3,7,"Switzerland",6,5,1,6,"Poland",5,5,0,7,"England",6,4,2,5
"147","France",6,4,2,7,"Iceland",3,3,0,4,"Egypt",3,1,2,7,"Spain",4,3,1,6,"Portugal",7,2,5,6,"Uruguay",5,4,1,4,"Argentina",10,3,7,9,"Denmark",4,3,1,5,"Switzerland",5,4,1,5,"Mexico",9,7,2,7,"England",5,3,2,7,"Colombia",6,3,3,5,"Germany",9,4,5,7,"Serbia",6,4,2,5,"Poland",6,5,1,5,"Belgium",7,2,5,6
"148","France",6,4,2,7,"Croatia",7,4,3,4,"Uruguay",11,2,9,9,"Portugal",7,5,2,6,"Spain",7,2,5,9,"Russia",4,6,-2,3,"Argentina",7,4,3,7,"Denmark",4,4,0,4,"Brazil",9,3,6,9,"Sweden",8,8,0,4,"Belgium",7,2,5,9,"Colombia",6,7,-1,5,"Germany",8,5,3,4,"Serbia",6,5,1,4,"Poland",8,3,5,7,"England",5,3,2,6
"149","Peru",6,5,1,6,"Croatia",6,3,3,6,"Uruguay",7,2,5,9,"Iran",2,4,-2,4,"Spain",5,3,2,7,"Egypt",5,6,-1,3,"Argentina",9,2,7,9,"France",6,5,1,4,"Brazil",7,4,3,6,"Germany",6,7,-1,4,"England",6,3,3,7,"Poland",6,7,-1,4,"Mexico",7,5,2,9,"Switzerland",4,4,0,4,"Colombia",7,3,4,9,"Belgium",5,3,2,4
"150","France",9,5,4,9,"Croatia",4,3,1,4,"Uruguay",9,3,6,7,"Portugal",4,4,0,4,"Spain",9,3,6,9,"Russia",5,3,2,6,"Argentina",6,3,3,5,"Denmark",8,7,1,4,"Brazil",6,4,2,5,"Sweden",8,6,2,6,"England",5,2,3,7,"Colombia",4,5,-1,5,"Germany",7,4,3,6,"Switzerland",6,4,2,5,"Poland",7,4,3,5,"Belgium",6,4,2,6
"151","France",7,4,3,7,"Argentina",7,4,3,6,"Russia",8,2,6,7,"Portugal",7,6,1,6,"Spain",9,4,5,9,"Uruguay",5,2,3,7,"Argentina",5,2,3,7,"Denmark",5,6,-1,4,"Brazil",8,5,3,7,"Sweden",6,4,2,5,"Belgium",6,2,4,7,"Colombia",7,5,2,5,"Germany",7,4,3,5,"Switzerland",6,5,1,6,"Poland",6,5,1,7,"England",7,3,4,7
"152","France",10,0,10,9,"Iceland",5,4,1,5,"Uruguay",10,0,10,9,"Portugal",9,6,3,6,"Spain",7,4,3,7,"Egypt",3,4,-1,4,"Argentina",6,5,1,5,"Peru",6,3,3,6,"Brazil",8,5,3,7,"Mexico",5,6,-1,4,"England",6,2,4,6,"Poland",4,8,-4,6,"Germany",7,4,3,7,"Switzerland",7,5,2,5,"Colombia",6,4,2,9,"Belgium",5,3,2,6
"153","France",7,4,3,9,"Argentina",5,3,2,6,"Russia",8,2,6,9,"Morocco",6,4,2,5,"Spain",6,2,4,7,"Uruguay",6,5,1,3,"Argentina",7,2,5,9,"Denmark",6,5,1,6,"Brazil",9,2,7,9,"Mexico",6,5,1,5,"Belgium",6,3,3,6,"Colombia",6,4,2,5,"Germany",8,2,6,7,"Costa Rica",8,4,4,6,"Poland",7,5,2,7,"England",5,4,1,6
"154","France",8,4,4,9,"Argentina",4,2,2,6,"Russia",5,1,4,7,"Spain",7,4,3,5,"Portugal",9,3,6,7,"Uruguay",8,4,4,7,"Croatia",6,2,4,7,"Peru",5,3,2,6,"Switzerland",5,5,0,6,"Mexico",4,5,-1,4,"Belgium",7,2,5,7,"Poland",8,7,1,6,"Germany",7,3,4,7,"Brazil",7,4,3,4,"Colombia",5,2,3,7,"Tunisia",3,4,-1,4
"155","France",9,1,8,9,"Croatia",6,4,2,4,"Egypt",5,1,4,9,"Spain",7,4,3,6,"Portugal",9,4,5,9,"Uruguay",7,5,2,6,"Argentina",5,4,1,6,"Australia",3,6,-3,4,"Brazil",7,3,4,7,"Germany",7,4,3,6,"England",10,2,8,9,"Poland",7,6,1,6,"Mexico",5,5,0,7,"Serbia",4,5,-1,6,"Colombia",8,2,6,9,"Tunisia",4,4,0,6
"156","Peru",7,4,3,9,"Croatia",5,2,3,5,"Uruguay",9,3,6,6,"Portugal",7,2,5,6,"Spain",4,2,2,7,"Egypt",5,5,0,6,"Argentina",4,3,1,5,"France",7,6,1,6,"Brazil",6,3,3,9,"Germany",8,5,3,6,"England",6,2,4,7,"Colombia",8,5,3,6,"Mexico",9,7,2,9,"Switzerland",6,3,3,6,"Poland",6,6,0,6,"Belgium",8,3,5,6
"157","France",7,5,2,7,"Iceland",3,3,0,6,"Russia",8,1,7,9,"Morocco",5,6,-1,4,"Spain",10,3,7,9,"Saudi Arabia",5,7,-2,4,"Argentina",7,4,3,6,"Peru",7,3,4,7,"Switzerland",8,3,5,9,"Germany",6,5,1,4,"Belgium",6,1,5,9,"Poland",5,6,-1,6,"Mexico",3,3,0,6,"Brazil",8,4,4,6,"Colombia",5,2,3,7,"England",4,1,3,6
"158","France",9,2,7,9,"Iceland",4,4,0,4,"Uruguay",6,2,4,7,"Portugal",9,4,5,6,"Spain",7,1,6,9,"Russia",8,4,4,6,"Argentina",5,4,1,6,"Denmark",4,5,-1,4,"Brazil",5,4,1,5,"Germany",10,4,6,6,"England",7,4,3,7,"Poland",6,4,2,6,"Mexico",8,8,0,7,"Costa Rica",6,4,2,5,"Colombia",6,4,2,7,"Panama",4,5,-1,4
"159","Peru",8,3,5,9,"Croatia",8,4,4,7,"Russia",10,4,6,9,"Spain",5,6,-1,4,"Portugal",11,3,8,7,"Uruguay",7,6,1,4,"Argentina",7,5,2,7,"France",7,6,1,4,"Brazil",7,3,4,6,"Germany",10,5,5,6,"Belgium",4,1,3,7,"Colombia",8,4,4,5,"Mexico",7,5,2,7,"Switzerland",6,6,0,4,"Poland",6,6,0,7,"England",4,4,0,4
"160","France",11,4,7,9,"Croatia",4,3,1,4,"Russia",5,0,5,9,"Iran",5,5,0,6,"Spain",6,2,4,6,"Uruguay",8,5,3,4,"Argentina",9,3,6,9,"Denmark",4,6,-2,4,"Brazil",7,3,4,7,"South Korea",5,6,-1,4,"Belgium",8,1,7,9,"Colombia",8,4,4,5,"Germany",8,4,4,9,"Switzerland",7,5,2,4,"Poland",7,7,0,7,"England",5,4,1,4
"161","Denmark",6,2,4,6,"Argentina",6,5,1,4,"Uruguay",9,5,4,7,"Portugal",7,3,4,6,"Spain",6,3,3,7,"Russia",7,4,3,6,"Argentina",5,3,2,6,"Peru",7,6,1,6,"Brazil",9,3,6,9,"Mexico",7,6,1,6,"England",4,1,3,5,"Senegal",5,8,-3,6,"Germany",8,3,5,7,"Switzerland",5,4,1,4,"Poland",6,6,0,9,"Belgium",5,3,2,5
"162","Denmark",5,2,3,7,"Croatia",4,2,2,6,"Russia",11,2,9,9,"Spain",7,2,5,6,"Portugal",7,6,1,6,"Uruguay",6,6,0,3,"Argentina",4,2,2,7,"Peru",5,4,1,6,"Brazil",8,2,6,9,"Mexico",6,7,-1,6,"Belgium",7,2,5,9,"Senegal",6,3,3,6,"Germany",8,4,4,6,"Switzerland",6,6,0,3,"Poland",5,2,3,9,"England",4,4,0,4
"163","France",8,5,3,7,"Croatia",5,4,1,6,"Uruguay",9,2,7,9,"Portugal",4,6,-2,3,"Spain",8,1,7,9,"Russia",7,4,3,6,"Argentina",7,4,3,7,"Peru",8,4,4,7,"Brazil",7,7,0,6,"Mexico",4,5,-1,4,"England",6,0,6,9,"Poland",7,3,4,4,"Germany",8,3,5,9,"Switzerland",5,2,3,6,"Colombia",5,5,0,7,"Belgium",6,5,1,6
"164","France",10,3,7,9,"Croatia",5,3,2,6,"Russia",8,3,5,7,"Spain",6,3,3,5,"Portugal",6,4,2,7,"Egypt",4,5,-1,6,"Argentina",6,2,4,7,"Peru",6,5,1,4,"Brazil",5,2,3,5,"Mexico",7,6,1,6,"Belgium",6,4,2,7,"Colombia",6,3,3,5,"Germany",5,4,1,6,"Switzerland",4,2,2,4,"Poland",5,8,-3,7,"England",6,3,3,7
"165","France",8,4,4,7,"Croatia",8,2,6,6,"Russia",9,3,6,7,"Portugal",5,4,1,6,"Spain",9,2,7,9,"Uruguay",5,2,3,5,"Argentina",6,5,1,6,"Peru",6,5,1,5,"Brazil",7,4,3,6,"Germany",6,4,2,4,"England",7,1,6,7,"Poland",6,5,1,4,"Mexico",5,4,1,6,"Switzerland",5,3,2,6,"Colombia",8,4,4,9,"Belgium",7,6,1,6
"166","France",8,3,5,9,"Croatia",4,3,1,4,"Russia",7,2,5,6,"Portugal",5,3,2,5,"Spain",7,2,5,7,"Uruguay",6,4,2,6,"Argentina",6,5,1,5,"Peru",4,4,0,4,"Brazil",7,3,4,9,"South Korea",3,5,-2,4,"England",6,2,4,9,"Poland",5,5,0,6,"Germany",8,2,6,9,"Costa Rica",5,3,2,6,"Colombia",5,4,1,9,"Belgium",6,4,2,6
"167","Peru",10,3,7,9,"Argentina",6,4,2,6,"Russia",8,2,6,9,"Iran",4,5,-1,6,"Spain",8,2,6,9,"Uruguay",5,6,-1,3,"Croatia",7,2,5,7,"France",4,5,-1,6,"Brazil",9,5,4,6,"Sweden",5,4,1,6,"Belgium",7,4,3,7,"Colombia",5,4,1,5,"Germany",12,4,8,9,"Switzerland",7,6,1,6,"Poland",7,6,1,7,"Tunisia",5,4,1,4
"168","Peru",7,3,4,7,"Argentina",4,2,2,6,"Uruguay",8,3,5,9,"Portugal",6,6,0,4,"Spain",6,2,4,7,"Egypt",6,5,1,6,"Croatia",5,3,2,7,"France",6,3,3,5,"Brazil",9,1,8,9,"Mexico",8,8,0,6,"Belgium",9,6,3,7,"Poland",4,5,-1,6,"Germany",11,4,7,9,"Switzerland",5,4,1,6,"Colombia",6,3,3,7,"Tunisia",4,4,0,4
"169","France",8,2,6,7,"Croatia",6,2,4,7,"Russia",8,3,5,9,"Portugal",7,3,4,6,"Spain",5,1,4,7,"Uruguay",7,6,1,4,"Argentina",6,4,2,7,"Denmark",4,7,-3,4,"Brazil",6,3,3,9,"Germany",5,4,1,4,"Belgium",9,2,7,9,"Poland",4,4,0,6,"Sweden",6,5,1,6,"Switzerland",4,5,-1,2,"Colombia",8,1,7,9,"Tunisia",3,5,-2,4
"170","France",10,5,5,7,"Croatia",4,6,-2,4,"Russia",8,3,5,6,"Portugal",6,2,4,7,"Spain",8,3,5,7,"Uruguay",6,5,1,6,"Argentina",9,2,7,7,"Denmark",6,3,3,5,"Brazil",11,3,8,9,"Mexico",7,8,-1,6,"Belgium",8,3,5,7,"Senegal",6,8,-2,4,"Germany",7,5,2,6,"Switzerland",6,6,0,6,"Poland",6,8,-2,9,"Tunisia",7,5,2,7
"171","France",8,3,5,7,"Nigeria",4,5,-1,6,"Russia",6,2,4,6,"Portugal",6,3,3,6,"Spain",9,2,7,9,"Uruguay",6,4,2,6,"Argentina",6,2,4,6,"Denmark",5,8,-3,4,"Brazil",9,3,6,9,"Mexico",4,4,0,5,"Belgium",7,3,4,7,"Colombia",7,4,3,5,"Germany",6,4,2,5,"Switzerland",6,5,1,4,"Poland",4,2,2,5,"England",3,2,1,5
"172","France",10,3,7,6,"Croatia",7,5,2,5,"Russia",9,4,5,6,"Portugal",6,4,2,6,"Spain",5,4,1,9,"Uruguay",6,4,2,6,"Argentina",7,5,2,7,"Denmark",7,6,1,6,"Brazil",6,2,4,6,"Sweden",3,3,0,6,"England",7,2,5,7,"Senegal",6,5,1,5,"Germany",10,0,10,9,"Switzerland",4,3,1,5,"Poland",5,4,1,7,"Panama",4,2,2,4
"173","France",7,4,3,7,"Croatia",5,5,0,3,"Russia",8,4,4,7,"Spain",7,5,2,5,"Portugal",8,3,5,7,"Uruguay",7,4,3,5,"Argentina",7,3,4,7,"Denmark",7,6,1,6,"Brazil",8,5,3,6,"Sweden",4,4,0,6,"England",8,0,8,9,"Colombia",3,2,1,5,"Germany",9,1,8,9,"Serbia",4,4,0,6,"Poland",6,7,-1,7,"Belgium",6,5,1,6
"174","France",8,3,5,6,"Croatia",6,4,2,6,"Russia",9,1,8,9,"Spain",6,3,3,7,"Portugal",5,3,2,7,"Egypt",3,4,-1,4,"Argentina",6,2,4,9,"Peru",5,3,2,6,"Switzerland",8,3,5,9,"Mexico",5,6,-1,4,"England",9,1,8,9,"Senegal",4,4,0,6,"Germany",8,4,4,9,"Brazil",8,4,4,6,"Poland",8,4,4,9,"Belgium",6,4,2,6
"175","France",9,4,5,9,"Iceland",3,1,2,5,"Russia",11,3,8,9,"Spain",5,4,1,4,"Portugal",8,1,7,9,"Uruguay",7,4,3,6,"Croatia",4,2,2,7,"Australia",7,7,0,4,"Brazil",7,2,5,7,"Sweden",4,6,-2,4,"Belgium",8,5,3,6,"Colombia",6,5,1,5,"Germany",10,5,5,6,"Serbia",5,5,0,4,"Poland",6,3,3,5,"Tunisia",4,3,1,6
"176","France",5,3,2,7,"Croatia",5,3,2,5,"Russia",7,0,7,9,"Spain",5,4,1,5,"Portugal",8,2,6,7,"Uruguay",6,1,5,6,"Argentina",5,3,2,6,"Peru",8,4,4,7,"Brazil",7,3,4,9,"Mexico",7,6,1,6,"England",6,1,5,9,"Japan",2,5,-3,4,"Germany",10,3,7,9,"Switzerland",4,3,1,6,"Poland",4,3,1,9,"Belgium",7,5,2,6
"177","France",7,1,6,9,"Croatia",4,4,0,4,"Russia",9,3,6,7,"Portugal",6,6,0,4,"Spain",10,3,7,9,"Egypt",5,5,0,6,"Argentina",7,2,5,7,"Australia",4,6,-2,3,"Switzerland",6,5,1,6,"Sweden",4,5,-1,3,"Belgium",7,3,4,7,"Japan",5,4,1,5,"Germany",9,1,8,9,"Costa Rica",7,6,1,5,"Poland",4,6,-2,7,"England",5,1,4,6
"178","Denmark",4,2,2,7,"Croatia",6,5,1,6,"Russia",9,2,7,9,"Spain",5,4,1,6,"Portugal",8,3,5,9,"Egypt",3,3,0,6,"Argentina",9,4,5,7,"Peru",6,4,2,7,"Brazil",5,3,2,7,"Mexico",7,7,0,7,"Belgium",7,2,5,7,"Poland",4,5,-1,4,"Germany",9,4,5,7,"Switzerland",3,3,0,4,"Colombia",5,1,4,9,"England",4,3,1,5
"179","Denmark",8,6,2,7,"Croatia",5,3,2,4,"Egypt",5,2,3,7,"Iran",2,3,-1,4,"Spain",7,2,5,9,"Uruguay",7,5,2,6,"Argentina",9,4,5,7,"France",7,6,1,4,"Brazil",6,3,3,7,"Sweden",7,6,1,5,"Belgium",9,3,6,9,"Colombia",6,7,-1,5,"Germany",8,4,4,7,"Switzerland",4,2,2,7,"Poland",7,3,4,7,"England",5,4,1,6
"180","Peru",8,4,4,7,"Croatia",5,2,3,6,"Uruguay",6,3,3,7,"Portugal",2,3,-1,4,"Spain",6,0,6,9,"Russia",7,5,2,6,"Argentina",10,5,5,9,"Denmark",7,5,2,5,"Switzerland",6,2,4,9,"Sweden",6,6,0,4,"England",6,4,2,6,"Colombia",7,2,5,5,"Germany",8,4,4,6,"Brazil",7,6,1,4,"Poland",5,5,0,5,"Tunisia",3,2,1,5
"181","France",8,2,6,9,"Argentina",5,3,2,6,"Uruguay",8,3,5,7,"Spain",6,6,0,4,"Portugal",8,2,6,7,"Russia",5,3,2,6,"Croatia",6,2,4,7,"Australia",5,6,-1,4,"Brazil",7,5,2,5,"Mexico",6,7,-1,6,"Belgium",8,3,5,7,"Poland",6,7,-1,6,"Germany",7,2,5,7,"Switzerland",5,5,0,4,"Colombia",6,2,4,7,"England",4,3,1,5
"182","France",10,2,8,6,"Argentina",7,4,3,6,"Russia",8,2,6,9,"Iran",4,2,2,4,"Spain",7,4,3,7,"Uruguay",4,5,-1,3,"Croatia",6,2,4,9,"Australia",4,8,-4,4,"Brazil",6,4,2,6,"Germany",7,6,1,6,"Belgium",5,2,3,7,"Senegal",3,6,-3,4,"Mexico",9,9,0,9,"Switzerland",6,4,2,5,"Poland",4,5,-1,9,"England",3,3,0,4
"183","Denmark",7,2,5,6,"Croatia",5,4,1,4,"Uruguay",8,2,6,9,"Portugal",8,4,4,6,"Spain",6,3,3,9,"Russia",9,4,5,6,"Argentina",6,3,3,7,"France",4,2,2,6,"Brazil",8,4,4,7,"Germany",8,4,4,5,"England",5,1,4,7,"Colombia",5,4,1,5,"Mexico",7,7,0,7,"Costa Rica",7,4,3,7,"Poland",7,8,-1,7,"Belgium",7,4,3,6
"184","France",8,5,3,7,"Croatia",5,6,-1,6,"Russia",8,2,6,9,"Spain",5,4,1,6,"Portugal",7,4,3,9,"Uruguay",3,5,-2,3,"Argentina",8,2,6,9,"Peru",7,4,3,4,"Costa Rica",6,4,2,7,"Sweden",5,4,1,4,"Belgium",5,2,3,7,"Poland",7,4,3,4,"Germany",5,2,3,9,"Brazil",6,4,2,4,"Colombia",6,3,3,9,"England",5,4,1,5
"185","Denmark",6,2,4,6,"Croatia",6,4,2,6,"Russia",5,2,3,6,"Portugal",5,4,1,6,"Spain",5,3,2,7,"Uruguay",6,5,1,6,"Argentina",9,4,5,9,"France",4,3,1,5,"Brazil",7,6,1,6,"Mexico",6,5,1,6,"England",3,0,3,9,"Poland",7,5,2,6,"Germany",11,4,7,9,"Switzerland",7,5,2,6,"Colombia",6,5,1,9,"Belgium",5,2,3,6
"186","France",9,4,5,9,"Argentina",7,2,5,6,"Uruguay",6,3,3,7,"Spain",4,3,1,5,"Portugal",7,5,2,5,"Russia",8,3,5,6,"Croatia",5,3,2,7,"Peru",5,3,2,6,"Brazil",8,5,3,9,"Germany",7,4,3,6,"Belgium",7,1,6,9,"Colombia",5,4,1,5,"Mexico",9,6,3,9,"Switzerland",6,3,3,6,"Senegal",5,0,5,7,"Panama",2,2,0,6
"187","France",6,6,0,6,"Croatia",6,3,3,7,"Russia",8,4,4,5,"Portugal",9,3,6,7,"Spain",10,3,6,7,"Uruguay",8,7,1,5,"Argentina",7,2,5,7,"Peru",7,4,3,6,"Brazil",6,2,4,7,"Sweden",2,6,-4,3,"Belgium",7,3,4,7,"Poland",6,3,3,3,"Germany",12,2,10,9,"Switzerland",6,5,1,4,"Colombia",6,5,1,9,"England",6,4,2,5
"188","France",8,3,5,9,"Iceland",3,3,0,4,"Russia",10,4,6,7,"Spain",5,2,3,6,"Portugal",5,3,2,6,"Egypt",7,5,2,6,"Croatia",7,3,4,7,"Peru",5,2,3,6,"Costa Rica",4,2,2,7,"Sweden",6,3,3,6,"Belgium",7,2,5,6,"Poland",3,5,-2,6,"Germany",9,2,7,9,"Brazil",5,5,0,4,"Colombia",9,4,5,9,"Tunisia",5,4,1,6
"189","Peru",7,3,4,9,"Iceland",3,4,-1,4,"Uruguay",6,1,5,7,"Spain",6,3,3,6,"Portugal",10,3,7,9,"Russia",7,3,4,6,"Argentina",7,2,5,7,"France",6,4,2,6,"Brazil",10,4,6,7,"Germany",8,2,6,6,"England",6,3,3,9,"Senegal",5,3,2,7,"Mexico",7,3,4,9,"Switzerland",7,5,2,5,"Poland",6,2,4,7,"Tunisia",5,3,2,6
"190","Denmark",6,2,4,7,"Croatia",5,2,3,5,"Russia",7,3,5,9,"Spain",6,3,3,6,"Portugal",11,1,10,9,"Uruguay",7,7,0,6,"Argentina",6,2,4,7,"France",5,4,1,5,"Brazil",7,3,4,7,"Mexico",5,5,0,6,"Belgium",8,3,5,9,"Colombia",5,5,0,3,"Germany",6,4,2,6,"Switzerland",7,6,1,4,"Poland",6,7,-1,7,"England",4,3,1,6
"191","France",8,3,5,7,"Argentina",5,3,2,4,"Russia",5,0,5,9,"Portugal",6,2,4,6,"Spain",6,4,2,7,"Egypt",4,5,-1,4,"Croatia",8,3,5,7,"Denmark",6,6,0,6,"Switzerland",7,3,4,7,"Germany",7,5,2,5,"Belgium",10,3,7,9,"Senegal",4,5,-1,6,"Mexico",9,5,4,7,"Brazil",6,5,1,6,"Poland",7,5,2,9,"Tunisia",3,4,-1,4
"192","France",11,5,6,7,"Croatia",6,3,3,5,"Russia",3,0,3,9,"Portugal",5,5,0,4,"Spain",8,2,6,7,"Uruguay",8,5,3,6,"Croatia",7,4,3,7,"Peru",7,5,2,5,"Brazil",8,3,5,9,"Mexico",5,3,2,6,"Belgium",7,3,4,9,"Senegal",1,4,-3,3,"Germany",10,4,6,6,"Switzerland",5,4,1,4,"Poland",6,4,2,9,"Tunisia",4,5,-1,4
"193","Denmark",5,2,3,7,"Croatia",2,4,-2,4,"Russia",7,3,4,7,"Iran",4,2,2,4,"Spain",7,4,2,9,"Uruguay",7,4,3,5,"Argentina",7,3,4,7,"Peru",5,2,3,7,"Brazil",10,0,10,9,"Germany",4,3,1,4,"Belgium",7,3,4,7,"Senegal",7,7,0,4,"Mexico",5,3,2,7,"Costa Rica",5,2,3,6,"Poland",4,5,-1,9,"England",8,6,2,7
"194","Peru",8,3,5,9,"Argentina",5,4,1,4,"Uruguay",7,2,5,7,"Spain",5,3,2,5,"Portugal",7,2,5,7,"Russia",5,2,3,6,"Croatia",6,3,3,7,"France",5,3,2,4,"Brazil",6,3,3,6,"Sweden",6,5,1,6,"Belgium",7,2,5,7,"Senegal",5,7,-2,6,"Germany",8,6,2,7,"Switzerland",4,4,0,4,"Poland",7,6,1,9,"England",6,2,4,7
"195","Peru",6,3,3,7,"Argentina",4,6,-2,4,"Uruguay",12,5,7,9,"Portugal",8,3,5,6,"Spain",6,4,2,6,"Russia",8,5,3,6,"Croatia",8,3,5,7,"France",6,4,2,5,"Brazil",11,3,8,9,"Sweden",7,8,-1,4,"Belgium",6,4,2,5,"Poland",5,3,2,4,"Germany",9,6,3,7,"Serbia",5,8,-3,4,"Colombia",6,1,5,9,"England",5,3,2,5
"196","Peru",6,3,3,7,"Argentina",2,5,-3,3,"Uruguay",7,2,5,6,"Spain",5,3,2,6,"Portugal",9,3,6,9,"Egypt",7,3,4,6,"Croatia",6,0,6,9,"France",6,4,2,6,"Brazil",9,3,6,9,"Sweden",7,5,2,6,"Belgium",6,2,4,9,"Colombia",5,2,3,5,"Germany",8,2,6,9,"Costa Rica",8,4,4,6,"Poland",8,5,3,7,"England",4,2,2,6
"197","France",7,6,1,6,"Argentina",3,3,0,4,"Uruguay",7,1,6,9,"Spain",6,5,1,4,"Portugal",9,4,5,9,"Egypt",6,3,3,6,"Croatia",6,1,5,7,"Denmark",7,5,2,6,"Brazil",5,2,3,7,"Mexico",4,6,-2,6,"England",7,1,6,9,"Colombia",4,2,2,5,"Germany",8,3,5,6,"Switzerland",4,3,1,4,"Poland",7,6,1,7,"Belgium",4,3,1,6
"198","Peru",7,4,3,7,"Argentina",5,4,1,6,"Uruguay",8,2,6,7,"Portugal",6,4,2,6,"Spain",7,5,2,7,"Egypt",5,3,2,4,"Croatia",4,1,3,9,"France",8,4,4,6,"Brazil",6,3,3,6,"Germany",8,3,5,6,"England",7,2,5,9,"Japan",2,5,-3,4,"Mexico",7,7,0,7,"Switzerland",5,2,3,6,"Poland",5,3,2,7,"Belgium",4,3,1,4
"199","France",7,4,3,6,"Argentina",5,3,2,6,"Uruguay",8,1,7,7,"Spain",6,3,3,5,"Portugal",5,1,4,7,"Saudi Arabia",3,5,-2,4,"Croatia",3,2,1,6,"Peru",8,6,2,6,"Brazil",6,2,4,7,"Sweden",5,2,3,5,"England",5,4,1,5,"Senegal",4,5,-1,4,"Mexico",6,5,1,7,"Costa Rica",7,3,4,6,"Poland",4,4,0,7,"Tunisia",4,3,1,5
"200","France",6,2,4,9,"Argentina",4,4,0,3,"Uruguay",9,2,7,9,"Portugal",7,4,3,6,"Spain",7,3,4,7,"Egypt",6,5,1,6,"Croatia",4,1,3,5,"Denmark",5,5,0,4,"Brazil",10,3,7,9,"Mexico",8,8,0,6,"Belgium",6,3,3,9,"Poland",7,6,1,4,"Germany",10,4,6,9,"Switzerland",5,5,0,4,"Colombia",7,4,3,9,"Tunisia",4,4,0,4
"201","France",7,3,4,7,"Argentina",6,5,1,5,"Uruguay",12,1,11,9,"Spain",6,3,3,6,"Portugal",8,4,4,9,"Russia",8,5,3,6,"Croatia",6,3,3,7,"Peru",6,5,1,5,"Brazil",7,4,3,9,"Germany",9,4,5,6,"Belgium",7,3,4,7,"Senegal",6,8,-2,6,"Mexico",8,5,3,9,"Costa Rica",4,4,0,4,"Poland",6,8,-2,9,"England",5,2,3,7
"202","Peru",9,7,2,7,"Croatia",4,4,0,4,"Uruguay",8,3,5,7,"Portugal",4,3,1,5,"Spain",7,2,5,7,"Egypt",7,4,3,4,"Argentina",9,2,7,9,"France",8,4,4,6,"Brazil",7,4,3,9,"South Korea",4,6,-2,4,"England",8,3,5,7,"Poland",6,4,2,6,"Germany",11,0,11,9,"Costa Rica",7,4,3,6,"Colombia",7,1,6,9,"Belgium",4,1,3,7
"203","Peru",7,5,2,6,"Argentina",4,3,1,5,"Uruguay",8,2,6,9,"Portugal",5,4,1,4,"Spain",7,3,4,7,"Egypt",6,5,1,4,"Croatia",6,3,3,7,"Denmark",6,5,1,5,"Brazil",4,4,0,6,"Sweden",4,5,-1,4,"England",9,4,5,7,"Poland",5,3,2,6,"Germany",6,3,3,7,"Switzerland",7,5,2,6,"Colombia",4,3,1,9,"Belgium",6,3,3,7
"204","France",8,5,3,9,"Argentina",5,3,2,7,"Egypt",8,0,8,9,"Portugal",6,2,4,6,"Spain",5,3,2,7,"Russia",4,6,-2,3,"Croatia",10,4,6,7,"Denmark",8,5,3,6,"Costa Rica",6,3,3,7,"Mexico",8,9,-1,6,"England",4,4,0,5,"Poland",5,3,2,6,"Germany",9,7,2,6,"Brazil",4,3,1,4,"Colombia",7,4,3,9,"Panama",2,3,-1,4
"205","France",10,4,6,9,"Argentina",6,3,3,6,"Uruguay",9,5,4,6,"Spain",5,3,2,5,"Portugal",6,3,3,7,"Egypt",6,3,3,6,"Croatia",7,4,3,7,"Peru",6,6,0,4,"Brazil",9,1,8,7,"Sweden",7,8,-1,4,"England",10,3,7,7,"Poland",5,6,-1,6,"Germany",9,3,6,9,"Switzerland",5,2,3,7,"Colombia",7,4,3,9,"Belgium",5,3,2,5
"206","France",7,4,3,6,"Croatia",6,3,3,7,"Uruguay",7,5,2,7,"Spain",5,4,1,5,"Portugal",6,3,3,7,"Egypt",4,4,0,5,"Argentina",6,3,3,7,"Peru",8,5,3,6,"Brazil",9,5,4,7,"Germany",9,6,3,6,"England",4,1,3,7,"Senegal",3,8,-5,4,"Mexico",9,7,2,9,"Costa Rica",6,5,1,5,"Poland",6,6,0,9,"Tunisia",3,3,0,4
"207","Denmark",7,5,2,7,"Croatia",3,3,0,4,"Russia",9,3,6,7,"Morocco",6,3,3,6,"Portugal",8,3,5,7,"Uruguay",6,5,1,5,"Argentina",7,1,6,9,"Peru",7,4,3,6,"Switzerland",6,4,2,7,"Mexico",4,4,0,6,"England",7,1,6,9,"Poland",4,4,0,4,"Germany",8,4,4,6,"Costa Rica",6,3,3,6,"Colombia",5,5,0,5,"Belgium",6,5,1,6
"208","France",6,4,2,5,"Iceland",2,3,-1,4,"Russia",10,2,8,7,"Portugal",8,5,3,6,"Spain",8,4,4,9,"Uruguay",9,3,6,7,"Argentina",6,2,4,7,"Peru",3,3,0,4,"Brazil",10,3,7,9,"Mexico",8,7,1,5,"England",7,5,2,5,"Colombia",5,5,0,5,"Germany",8,5,3,7,"Costa Rica",7,8,-1,4,"Poland",5,5,0,7,"Belgium",5,5,0,4
"209","France",9,6,3,7,"Croatia",5,2,3,7,"Uruguay",7,5,2,7,"Spain",8,4,4,7,"Portugal",8,3,5,7,"Russia",7,2,5,6,"Argentina",8,4,4,7,"Australia",7,6,1,4,"Switzerland",8,5,3,7,"Sweden",4,5,-1,4,"England",6,1,5,7,"Poland",6,8,-2,4,"Germany",9,2,7,9,"Costa Rica",6,4,2,7,"Colombia",4,5,-1,5,"Belgium",4,0,4,7
"210","France",7,4,3,9,"Iceland",4,4,0,6,"Uruguay",6,1,5,7,"Portugal",8,5,3,6,"Spain",6,0,6,9,"Egypt",7,5,2,6,"Argentina",6,3,3,7,"Peru",5,5,0,4,"Switzerland",7,3,4,9,"Germany",8,4,4,6,"England",8,3,5,9,"Senegal",2,8,-6,3,"Mexico",6,3,3,9,"Costa Rica",8,5,3,6,"Poland",4,7,-3,9,"Belgium",4,3,1,6
"211","France",7,3,4,9,"Croatia",5,3,2,6,"Uruguay",6,2,4,9,"Spain",6,4,2,7,"Iran",9,5,4,7,"Egypt",3,4,-1,4,"Argentina",7,2,5,9,"Peru",6,3,3,6,"Brazil",9,2,7,9,"Mexico",5,5,0,6,"Belgium",5,2,3,7,"Senegal",4,6,-2,4,"Germany",11,4,7,9,"Switzerland",5,6,-1,4,"Poland",4,4,0,9,"England",4,2,2,7
"212","France",7,4,3,7,"Nigeria",4,4,0,4,"Uruguay",7,2,5,7,"Morocco",3,2,1,6,"Spain",3,3,0,6,"Egypt",7,4,3,5,"Argentina",8,4,4,7,"Peru",6,5,1,4,"Brazil",8,4,4,9,"Sweden",4,5,-1,3,"England",6,1,5,9,"Poland",8,6,2,6,"Germany",9,3,6,9,"Serbia",5,4,1,6,"Colombia",7,3,4,9,"Belgium",4,2,2,6
"213","Peru",5,4,1,5,"Nigeria",4,3,1,6,"Russia",11,1,10,9,"Spain",5,4,1,6,"Portugal",7,4,3,6,"Uruguay",6,5,1,6,"Argentina",6,4,2,6,"France",6,3,3,4,"Brazil",10,3,7,6,"Sweden",4,5,-1,6,"Belgium",8,3,5,9,"Colombia",6,2,4,5,"Germany",11,3,8,6,"Costa Rica",6,5,1,6,"Poland",4,4,0,7,"Tunisia",4,3,1,6
"214","Denmark",6,2,4,7,"Nigeria",3,3,0,4,"Uruguay",9,3,6,7,"Portugal",2,2,0,3,"Spain",8,4,4,7,"Egypt",5,6,-1,4,"Argentina",5,3,2,7,"France",7,3,4,6,"Brazil",6,1,5,9,"Sweden",4,5,-1,4,"England",6,3,3,7,"Poland",7,1,6,4,"Germany",8,2,6,9,"Serbia",4,4,0,6,"Colombia",6,3,3,9,"Belgium",5,3,2,5
"215","France",9,5,4,6,"Nigeria",4,3,1,6,"Uruguay",10,3,7,7,"Portugal",4,4,0,3,"Spain",8,2,6,9,"Egypt",5,6,-1,4,"Argentina",8,3,5,6,"Peru",7,6,1,6,"Brazil",6,3,3,7,"Mexico",5,5,0,5,"England",7,1,6,9,"Colombia",6,3,3,5,"Germany",7,3,4,7,"Switzerland",5,3,2,7,"Poland",7,6,1,7,"Belgium",4,5,-1,4
"216","France",6,2,4,6,"Argentina",6,5,1,6,"Uruguay",8,2,6,9,"Spain",4,3,1,6,"Portugal",7,0,7,9,"Egypt",6,4,2,4,"Croatia",7,2,5,7,"Peru",6,4,2,6,"Switzerland",5,2,3,7,"Sweden",5,5,0,3,"England",9,4,5,9,"Colombia",6,4,2,5,"Germany",8,3,5,9,"Brazil",8,3,5,6,"Poland",9,6,3,5,"Panama",4,6,-2,3
"217","France",6,4,2,7,"Nigeria",2,3,-1,4,"Uruguay",10,4,6,7,"Iran",4,5,-1,4,"Portugal",7,1,6,9,"Egypt",8,4,4,6,"Argentina",7,2,5,9,"Peru",6,6,0,4,"Brazil",6,2,4,9,"Mexico",6,10,-4,6,"England",8,2,6,9,"Poland",4,5,-1,6,"Germany",8,4,4,6,"Switzerland",5,2,3,6,"Colombia",5,4,1,7,"Panama",4,5,-1,3
"218","Peru",9,3,6,9,"Croatia",4,2,2,5,"Uruguay",8,5,3,6,"Spain",6,5,1,6,"Portugal",7,4,3,6,"Egypt",5,3,2,5,"Argentina",6,2,4,7,"France",5,3,2,6,"Brazil",6,5,1,6,"Mexico",6,4,2,4,"England",5,3,2,6,"Senegal",5,6,-1,3,"Germany",7,4,3,9,"Switzerland",5,3,2,5,"Poland",7,4,3,9,"Panama",5,4,1,6
"219","France",7,2,5,9,"Iceland",2,1,1,5,"Russia",9,4,5,6,"Portugal",3,3,0,4,"Spain",6,1,5,9,"Uruguay",6,5,1,6,"Argentina",5,3,2,5,"Denmark",5,7,-2,4,"Brazil",7,4,3,7,"Sweden",6,5,1,6,"England",5,3,2,7,"Senegal",7,5,2,5,"Germany",9,2,7,9,"Switzerland",6,4,2,7,"Poland",9,3,6,5,"Tunisia",5,3,2,5
"220","France",8,5,3,7,"Argentina",6,3,3,6,"Uruguay",8,2,6,7,"Iran",4,5,-1,4,"Spain",6,3,3,7,"Egypt",6,4,2,6,"Croatia",6,2,4,9,"Peru",8,6,2,7,"Switzerland",8,3,5,9,"Sweden",5,5,0,4,"England",9,2,7,9,"Senegal",5,4,1,5,"Germany",10,4,6,9,"Brazil",7,5,2,6,"Poland",9,4,5,7,"Belgium",5,7,-2,3
"221","Peru",6,4,2,5,"Nigeria",3,4,-1,3,"Uruguay",6,3,3,7,"Portugal",7,5,2,6,"Spain",7,3,4,6,"Russia",7,1,6,6,"Argentina",7,3,4,9,"Denmark",7,6,1,5,"Brazil",10,5,5,7,"Germany",9,3,6,6,"England",7,2,5,9,"Poland",10,6,4,4,"Mexico",7,8,-1,7,"Switzerland",7,6,1,4,"Colombia",4,4,0,6,"Belgium",5,5,0,4
"222","France",9,4,5,9,"Croatia",5,5,0,4,"Uruguay",7,5,2,7,"Portugal",3,4,-1,4,"Spain",7,2,5,9,"Egypt",5,4,1,5,"Argentina",8,3,5,9,"Peru",7,5,2,6,"Brazil",9,3,6,9,"Sweden",8,6,2,6,"Belgium",7,4,3,7,"Colombia",3,2,1,5,"Germany",7,5,2,6,"Switzerland",5,4,1,4,"Poland",7,4,3,7,"England",6,3,3,5
"223","France",9,5,4,7,"Nigeria",2,4,-2,4,"Uruguay",7,2,5,7,"Morocco",6,3,3,6,"Spain",7,2,5,9,"Egypt",6,4,2,7,"Argentina",9,2,7,7,"Denmark",3,2,1,5,"Brazil",11,3,8,9,"Sweden",5,4,1,6,"England",6,1,5,9,"Poland",4,8,-4,4,"Germany",7,3,4,7,"Costa Rica",7,6,1,6,"Colombia",7,4,3,9,"Belgium",5,4,1,4
"224","France",3,3,0,6,"Croatia",3,2,1,5,"Uruguay",8,2,6,6,"Iran",5,3,2,6,"Spain",6,3,3,7,"Egypt",6,3,3,6,"Argentina",5,2,3,7,"Peru",7,6,1,6,"Brazil",10,3,7,9,"Sweden",5,7,-2,3,"England",7,2,5,9,"Senegal",2,5,-3,4,"Germany",8,2,6,9,"Costa Rica",4,3,1,6,"Poland",5,4,1,7,"Belgium",6,4,2,6
"225","France",5,3,2,7,"Croatia",6,3,3,6,"Russia",6,2,4,9,"Portugal",4,4,0,4,"Spain",11,2,9,9,"Uruguay",7,5,2,6,"Argentina",7,2,5,6,"Peru",7,5,2,4,"Brazil",5,3,2,7,"Germany",7,4,3,6,"Belgium",6,2,4,9,"Colombia",6,4,2,5,"Mexico",5,4,1,7,"Switzerland",5,3,2,5,"Poland",4,4,0,7,"England",4,2,2,6
"226","France",8,1,7,9,"Iceland",5,5,0,4,"Egypt",6,3,3,6,"Portugal",6,3,3,5,"Spain",9,2,7,7,"Uruguay",4,4,0,6,"Argentina",8,2,6,9,"Denmark",4,5,-1,4,"Brazil",8,4,4,9,"Mexico",8,8,0,6,"England",8,3,5,7,"Poland",5,4,1,4,"Germany",10,3,7,9,"Costa Rica",4,3,1,4,"Colombia",5,3,2,9,"Belgium",6,3,2,7
"227","Peru",7,3,4,7,"Iceland",4,3,1,6,"Uruguay",7,1,6,7,"Spain",6,6,0,6,"Portugal",11,2,9,9,"Egypt",6,5,1,4,"Argentina",4,3,1,6,"France",6,3,3,4,"Brazil",6,2,4,7,"Germany",9,5,4,6,"Belgium",7,2,5,7,"Colombia",5,2,3,5,"Mexico",6,5,1,9,"Switzerland",4,2,2,7,"Poland",7,4,3,5,"England",4,3,1,6
"228","France",12,2,10,9,"Croatia",4,4,0,6,"Uruguay",9,2,7,7,"Iran",4,5,-1,4,"Spain",9,3,6,9,"Egypt",7,5,2,5,"Argentina",9,3,6,9,"Peru",5,5,0,4,"Switzerland",6,1,5,9,"South Korea",6,5,1,4,"England",9,2,7,9,"Senegal",4,7,-3,4,"Germany",9,5,4,9,"Brazil",6,3,3,4,"Poland",8,7,1,9,"Tunisia",3,2,1,4
"229","France",6,3,3,6,"Croatia",3,2,1,5,"Uruguay",8,2,6,9,"Iran",5,4,1,5,"Spain",5,2,3,7,"Saudi Arabia",3,4,-1,4,"Argentina",5,1,4,7,"Australia",5,5,0,4,"Switzerland",7,3,4,9,"Germany",7,6,1,6,"England",5,3,2,7,"Colombia",5,4,1,5,"Mexico",8,6,2,9,"Brazil",9,3,6,6,"Poland",6,3,3,7,"Belgium",5,4,1,5
"230","France",7,5,2,5,"Iceland",1,1,0,3,"Uruguay",6,2,4,9,"Portugal",3,3,0,4,"Spain",10,1,9,9,"Russia",8,5,3,6,"Croatia",7,4,3,7,"Peru",5,3,2,5,"Brazil",9,3,6,9,"Sweden",5,6,-1,4,"England",4,2,2,7,"Senegal",3,6,-3,3,"Germany",9,3,6,9,"Serbia",4,5,-1,4,"Poland",4,4,0,9,"Belgium",5,1,4,6
"231","France",7,4,3,5,"Iceland",2,3,-1,4,"Uruguay",10,2,8,6,"Iran",3,3,0,4,"Spain",7,1,6,9,"Egypt",8,4,4,6,"Argentina",7,2,5,9,"Peru",5,3,2,5,"Brazil",10,1,9,9,"Mexico",4,4,0,4,"England",8,1,7,9,"Japan",3,4,-1,4,"Germany",7,3,4,9,"Switzerland",6,3,3,6,"Colombia",5,3,2,9,"Belgium",6,2,4,6
"232","France",3,2,1,5,"Iceland",4,3,1,5,"Russia",7,4,3,6,"Spain",6,5,1,5,"Portugal",8,3,5,7,"Uruguay",8,4,4,6,"Argentina",7,4,3,5,"Denmark",4,3,1,5,"Brazil",6,3,3,7,"Mexico",5,8,-3,6,"Belgium",10,1,9,9,"Poland",3,5,-2,4,"Germany",9,4,5,6,"Serbia",5,5,0,3,"Colombia",5,6,-1,7,"England",6,2,4,6
"233","France",6,1,5,7,"Argentina",7,4,3,6,"Uruguay",7,2,5,9,"Morocco",3,6,-3,4,"Spain",8,2,6,9,"Russia",6,4,2,4,"Croatia",7,4,3,7,"Denmark",4,4,0,6,"Brazil",7,5,2,6,"Germany",8,4,4,6,"England",8,3,5,7,"Colombia",6,2,4,5,"Mexico",8,5,3,9,"Switzerland",7,6,1,6,"Senegal",4,5,-1,5,"Belgium",6,4,2,5
"234","Denmark",6,4,2,7,"Iceland",4,4,0,6,"Uruguay",6,3,3,7,"Portugal",6,3,3,6,"Spain",9,2,7,9,"Russia",7,2,5,6,"Argentina",9,4,5,7,"France",6,3,3,7,"Switzerland",7,1,6,7,"Germany",9,3,6,6,"England",9,4,5,7,"Senegal",5,6,-1,6,"Mexico",7,7,0,7,"Brazil",4,5,-1,4,"Poland",6,4,2,9,"Belgium",8,4,4,6
"235","France",8,5,3,6,"Croatia",3,3,0,3,"Russia",9,0,9,9,"Spain",6,5,1,5,"Portugal",9,4,5,7,"Uruguay",5,3,2,6,"Argentina",7,4,3,7,"Peru",6,6,0,4,"Brazil",9,4,5,9,"Germany",5,5,0,4,"England",7,1,6,9,"Senegal",6,4,2,6,"Mexico",5,5,0,7,"Serbia",6,6,0,6,"Poland",6,6,0,7,"Belgium",4,3,1,4
"236","France",8,5,3,7,"Iceland",4,2,2,6,"Uruguay",7,5,2,7,"Portugal",6,5,1,6,"Spain",9,4,5,7,"Russia",8,5,3,5,"Argentina",8,0,8,9,"Australia",4,5,-1,4,"Serbia",4,5,-1,6,"Sweden",7,5,2,6,"Belgium",7,1,6,9,"Colombia",5,5,0,6,"Germany",9,5,4,9,"Brazil",6,4,2,4,"Poland",5,3,2,6,"England",4,4,0,4
"237","France",6,4,2,6,"Croatia",6,3,3,6,"Uruguay",9,2,7,7,"Portugal",6,5,1,4,"Spain",8,3,5,9,"Egypt",6,5,1,6,"Argentina",6,5,1,6,"Peru",4,4,0,6,"Brazil",9,2,7,9,"Germany",8,5,3,4,"England",6,3,3,9,"Poland",9,4,5,6,"Mexico",5,5,0,7,"Switzerland",7,6,1,6,"Senegal",5,5,0,9,"Tunisia",4,2,2,6
"238","France",8,4,4,7,"Argentina",7,3,4,6,"Egypt",8,2,6,7,"Portugal",8,3,5,6,"Spain",7,2,5,9,"Uruguay",6,4,2,4,"Croatia",5,3,2,7,"Denmark",7,5,2,6,"Brazil",6,3,3,7,"Mexico",5,4,1,6,"England",6,2,4,7,"Senegal",4,4,0,4,"Germany",7,2,5,9,"Switzerland",6,5,1,4,"Colombia",7,2,5,7,"Belgium",5,2,3,7
"239","France",7,3,4,7,"Croatia",5,4,1,5,"Uruguay",11,5,6,9,"Portugal",5,6,-1,3,"Spain",8,3,5,9,"Russia",7,5,2,6,"Argentina",6,3,3,6,"Peru",6,4,2,5,"Brazil",10,1,9,9,"Sweden",8,5,3,5,"Tunisia",4,2,2,7,"Senegal",3,5,-2,6,"Germany",8,4,4,7,"Switzerland",3,5,-2,2,"Poland",7,4,3,6,"England",4,3,1,6
"240","France",9,2,7,9,"Croatia",5,4,1,4,"Russia",7,1,6,9,"Iran",5,5,0,4,"Portugal",7,2,5,9,"Uruguay",6,5,1,3,"Argentina",6,3,3,7,"Denmark",6,5,1,4,"Switzerland",6,3,3,7,"Sweden",6,6,0,6,"Belgium",9,3,6,6,"Colombia",6,3,3,5,"Germany",9,5,4,6,"Brazil",5,3,2,5,"Poland",6,5,1,5,"England",4,5,-1,6
"241","Denmark",6,3,3,9,"Argentina",6,6,0,6,"Uruguay",9,4,5,7,"Iran",5,5,0,4,"Spain",8,2,6,9,"Egypt",6,3,3,7,"Croatia",7,3,4,7,"France",7,4,3,6,"Brazil",8,3,5,9,"Sweden",4,3,1,4,"England",8,2,6,9,"Poland",6,4,2,6,"Germany",6,4,2,5,"Switzerland",9,6,3,6,"Senegal",6,4,2,7,"Panama",3,4,-1,4
"242","France",4,1,3,7,"Iceland",4,3,1,6,"Uruguay",6,2,4,7,"Portugal",3,1,2,7,"Spain",7,2,5,7,"Egypt",5,5,0,4,"Argentina",7,2,5,7,"Peru",5,3,2,6,"Brazil",6,3,3,6,"Mexico",6,6,0,6,"England",8,0,8,9,"Senegal",4,3,1,5,"Germany",10,2,8,9,"Switzerland",6,5,1,6,"Poland",7,3,4,5,"Belgium",4,3,1,4
"243","France",9,5,4,6,"Argentina",5,3,2,6,"Uruguay",6,2,4,9,"Morocco",6,3,3,4,"Spain",6,2,4,7,"Russia",6,4,2,6,"Croatia",7,3,4,9,"Australia",4,6,-2,4,"Brazil",11,4,7,9,"South Korea",5,6,-1,6,"England",6,3,3,7,"Colombia",4,5,-1,6,"Germany",7,2,5,6,"Switzerland",4,4,0,6,"Japan",6,4,2,7,"Belgium",7,3,4,5
"244","France",9,5,4,6,"Argentina",5,3,2,6,"Uruguay",6,2,4,9,"Morocco",6,3,3,4,"Spain",6,2,4,7,"Russia",6,4,2,6,"Croatia",7,3,4,9,"Australia",4,6,-2,4,"Brazil",11,4,7,9,"South Korea",5,6,-1,6,"England",6,3,3,7,"Colombia",4,5,-1,6,"Germany",7,2,5,6,"Switzerland",4,4,0,6,"Japan",6,4,2,7,"Belgium",7,3,4,5
"245","France",6,3,3,7,"Argentina",7,4,3,6,"Uruguay",8,5,3,9,"Portugal",6,5,1,6,"Spain",6,4,2,6,"Russia",9,4,5,6,"Croatia",6,2,4,7,"Peru",4,6,-2,4,"Brazil",6,4,2,7,"Germany",4,4,0,4,"England",6,3,3,9,"Poland",7,8,-1,6,"Sweden",5,2,3,7,"Costa Rica",6,4,2,5,"Colombia",5,3,2,7,"Tunisia",5,3,2,6
"246","Denmark",8,6,2,7,"Croatia",5,3,2,6,"Uruguay",8,2,6,7,"Portugal",4,1,3,6,"Spain",9,0,9,9,"Russia",5,6,-1,4,"Argentina",8,2,6,9,"France",6,4,2,6,"Costa Rica",7,3,4,7,"Mexico",7,6,1,5,"England",6,1,5,7,"Poland",3,4,-1,6,"Germany",9,4,5,7,"Brazil",7,5,2,5,"Colombia",6,4,2,9,"Belgium",5,1,4,7
"247","France",6,2,4,7,"Argentina",3,2,1,6,"Uruguay",10,2,8,9,"Portugal",6,5,1,3,"Spain",7,3,4,9,"Russia",7,3,4,6,"Argentina",3,0,3,9,"Peru",3,3,0,4,"Brazil",7,5,2,6,"Mexico",5,4,1,7,"England",9,3,6,9,"Colombia",4,5,-1,5,"Germany",7,2,5,7,"Switzerland",8,5,3,6,"Poland",6,5,1,5,"Belgium",6,5,1,6
"248","Denmark",7,4,3,9,"Iceland",1,3,-2,4,"Uruguay",7,1,6,7,"Spain",4,4,0,4,"Portugal",6,2,4,9,"Russia",4,3,1,5,"Argentina",7,2,5,7,"France",5,3,2,6,"Brazil",9,2,7,9,"Sweden",5,6,-1,4,"England",7,4,3,7,"Poland",4,2,2,6,"Germany",8,2,6,9,"Costa Rica",4,4,0,6,"Colombia",6,3,3,7,"Belgium",6,3,3,5
"249","France",9,3,6,9,"Argentina",5,4,1,5,"Uruguay",6,3,3,6,"Portugal",7,6,1,5,"Spain",10,5,5,7,"Egypt",4,3,1,6,"Argentina",4,2,2,7,"Denmark",5,5,0,4,"Switzerland",7,4,3,7,"Germany",8,2,6,6,"England",8,3,5,9,"Poland",6,6,0,4,"Mexico",5,3,2,7,"Brazil",6,5,1,4,"Colombia",7,3,4,9,"Belgium",7,3,4,6
"250","France",9,5,4,7,"Argentina",6,3,3,6,"Uruguay",8,2,6,7,"Portugal",5,3,2,5,"Spain",7,5,2,7,"Egypt",4,5,-1,6,"Croatia",7,3,4,7,"Peru",6,4,2,7,"Brazil",5,3,2,5,"Germany",7,5,2,6,"England",7,2,5,7,"Poland",6,3,3,6,"Mexico",7,5,2,7,"Switzerland",6,5,1,4,"Colombia",7,4,3,9,"Belgium",5,3,2,5
"251","France",6,5,1,5,"Argentina",5,6,-1,4,"Uruguay",8,3,5,7,"Portugal",5,5,0,4,"Iran",4,2,2,6,"Russia",7,3,4,5,"Croatia",8,2,6,9,"Peru",8,7,1,5,"Brazil",8,2,6,9,"Germany",9,2,7,6,"England",6,3,3,7,"Senegal",4,4,0,6,"Mexico",6,5,1,9,"Costa Rica",6,3,3,6,"Poland",6,4,2,9,"Belgium",7,4,3,6
"252","France",9,2,7,9,"Nigeria",6,5,1,4,"Egypt",7,4,3,9,"Spain",3,3,0,4,"Portugal",4,1,3,6,"Uruguay",7,5,2,6,"Argentina",6,3,3,9,"Australia",6,6,0,3,"Brazil",9,3,6,9,"Mexico",7,8,-1,4,"Belgium",8,3,5,7,"Poland",6,6,0,6,"Germany",13,4,9,9,"Serbia",6,5,1,6,"Colombia",5,4,1,7,"Tunisia",3,2,1,5
"253","Peru",7,2,5,9,"Croatia",6,5,1,4,"Uruguay",10,3,7,9,"Portugal",6,2,4,6,"Spain",5,2,3,9,"Russia",6,5,1,4,"Argentina",7,2,5,9,"France",7,3,4,6,"Brazil",6,4,2,7,"Mexico",6,6,0,6,"Belgium",5,2,3,7,"Poland",5,7,-2,6,"Sweden",7,4,3,7,"Switzerland",5,4,1,5,"Colombia",6,1,5,9,"England",4,3,1,4
"254","France",9,4,5,9,"Croatia",7,4,3,6,"Uruguay",7,3,4,9,"Spain",8,3,5,7,"Portugal",9,3,6,7,"Russia",3,2,1,4,"Argentina",8,3,5,9,"Peru",7,6,1,6,"Switzerland",8,3,5,7,"Germany",6,4,2,5,"Belgium",9,3,6,9,"Colombia",6,4,2,5,"Sweden",6,3,3,7,"Costa Rica",6,5,1,5,"Poland",6,4,2,5,"England",5,5,0,6
"255","France",6,3,3,7,"Nigeria",3,2,1,5,"Uruguay",10,3,7,9,"Portugal",6,3,4,7,"Spain",9,3,6,7,"Russia",7,4,3,6,"Argentina",4,2,2,6,"Peru",9,6,3,7,"Brazil",7,4,3,7,"Sweden",5,6,-1,6,"Belgium",6,1,5,9,"Poland",8,5,3,6,"Germany",8,2,6,6,"Switzerland",7,4,3,5,"Colombia",3,2,1,9,"England",3,4,-1,4
"256","France",8,1,7,9,"Croatia",3,2,1,5,"Russia",5,2,3,7,"Spain",5,3,2,4,"Portugal",4,2,2,7,"Uruguay",7,2,5,5,"Argentina",6,3,3,7,"Peru",3,4,-1,4,"Switzerland",6,3,3,7,"Germany",9,5,4,4,"Belgium",5,1,4,7,"Poland",3,3,0,2,"Mexico",7,5,2,9,"Brazil",10,4,6,6,"Colombia",6,5,1,9,"England",4,3,1,5
"257","France",6,4,2,7,"Croatia",5,4,1,5,"Uruguay",7,4,3,9,"Spain",6,4,2,6,"Portugal",8,1,7,9,"Egypt",7,7,0,4,"Argentina",7,4,3,7,"Denmark",4,4,0,4,"Switzerland",8,5,3,9,"Mexico",4,4,0,6,"Belgium",7,5,2,5,"Poland",6,6,0,6,"Germany",7,3,4,7,"Brazil",8,6,2,6,"Colombia",3,5,-2,7,"England",6,4,2,5
"258","France",9,2,7,9,"Iceland",5,4,1,5,"Russia",6,2,4,7,"Portugal",4,5,-1,4,"Spain",7,4,3,7,"Uruguay",9,4,5,7,"Argentina",8,4,4,5,"Denmark",3,6,-3,4,"Brazil",8,1,7,9,"Germany",10,5,5,6,"Belgium",5,3,2,7,"Japan",4,4,0,6,"Mexico",8,8,0,9,"Switzerland",6,6,0,4,"Colombia",5,3,2,6,"Tunisia",5,4,1,6
"259","France",9,4,5,9,"Croatia",8,6,2,6,"Russia",9,4,5,9,"Portugal",6,4,2,4,"Spain",6,1,5,9,"Uruguay",7,5,2,6,"Argentina",9,4,5,9,"Peru",7,7,0,4,"Brazil",4,1,3,7,"Germany",4,3,1,4,"Belgium",9,4,5,9,"Poland",8,2,6,4,"Mexico",5,5,0,6,"Switzerland",5,2,3,7,"Colombia",6,4,2,9,"England",5,3,2,6
"260","Denmark",8,4,4,9,"Iceland",3,4,-1,3,"Russia",7,3,4,7,"Portugal",10,5,5,6,"Spain",8,4,4,7,"Uruguay",9,4,5,7,"Argentina",5,0,5,9,"France",5,4,1,4,"Brazil",6,5,1,6,"Sweden",4,4,0,4,"Belgium",6,3,3,6,"Colombia",8,6,2,5,"Germany",9,3,6,9,"Switzerland",7,4,3,5,"Poland",7,5,2,7,"Tunisia",3,2,1,6
"261","Peru",6,1,5,9,"Croatia",6,5,1,5,"Russia",6,3,3,7,"Iran",3,4,-1,4,"Spain",5,3,2,7,"Uruguay",8,3,5,7,"Argentina",9,4,5,6,"France",8,2,6,6,"Brazil",9,3,6,9,"Mexico",8,5,3,6,"England",9,4,5,7,"Poland",5,7,-2,6,"Germany",10,2,8,9,"Switzerland",6,5,1,6,"Colombia",8,7,1,9,"Belgium",5,4,1,4
"262","France",11,4,7,9,"Argentina",7,4,3,6,"Russia",8,4,4,7,"Morocco",5,5,0,6,"Spain",10,5,5,7,"Uruguay",10,5,5,7,"Croatia",9,4,5,9,"Peru",7,5,2,6,"Brazil",6,4,2,5,"Sweden",4,2,2,6,"Belgium",9,3,6,9,"Senegal",4,8,-4,3,"Germany",8,4,4,6,"Switzerland",4,4,0,3,"Poland",8,7,1,9,"England",6,5,1,4
"263","France",5,3,2,7,"Croatia",6,3,3,5,"Russia",7,3,4,7,"Iran",3,5,-2,4,"Spain",7,3,4,7,"Uruguay",11,4,7,6,"Argentina",10,4,6,7,"Peru",6,5,1,4,"Brazil",7,5,2,7,"Sweden",5,4,1,5,"Tunisia",6,3,3,7,"Japan",5,5,0,4,"Germany",7,4,3,5,"Switzerland",6,4,2,7,"Poland",6,6,0,5,"Belgium",5,3,2,5
"264","France",6,2,4,7,"Argentina",7,6,1,5,"Uruguay",11,5,6,7,"Spain",6,5,1,6,"Portugal",6,4,2,6,"Russia",7,4,3,6,"Croatia",8,5,3,7,"Peru",5,2,3,7,"Brazil",8,5,3,6,"Sweden",5,6,-1,4,"Belgium",7,5,2,7,"Senegal",7,4,3,5,"Germany",7,2,5,7,"Switzerland",6,5,1,6,"Poland",8,4,4,5,"England",5,4,1,5
"265","France",7,5,2,6,"Croatia",3,3,0,4,"Russia",7,2,5,7,"Iran",4,3,1,5,"Spain",5,3,2,6,"Egypt",5,3,2,5,"Argentina",8,1,7,9,"Peru",5,4,1,6,"Switzerland",7,5,2,7,"Mexico",7,4,3,7,"England",8,3,5,9,"Poland",8,5,3,6,"Germany",8,2,6,7,"Brazil",9,4,5,6,"Colombia",5,2,3,9,"Belgium",4,3,1,6
"266","Peru",5,2,3,7,"Nigeria",4,7,-3,4,"Uruguay",10,3,7,7,"Spain",7,3,4,6,"Portugal",6,2,4,9,"Russia",6,5,1,4,"Argentina",10,4,6,7,"Denmark",3,3,0,4,"Switzerland",8,5,3,7,"Mexico",6,7,-1,6,"Belgium",7,2,5,7,"Senegal",2,6,-4,3,"Germany",9,5,4,6,"Brazil",6,6,0,6,"Poland",4,5,-1,9,"England",4,3,1,5
"267","France",9,3,6,9,"Nigeria",5,3,2,5,"Uruguay",10,5,5,9,"Morocco",3,3,0,6,"Spain",4,2,2,6,"Russia",7,7,0,3,"Argentina",7,2,5,5,"Peru",6,6,0,6,"Switzerland",6,3,3,6,"Sweden",4,3,1,5,"Belgium",5,3,2,7,"Senegal",5,2,3,7,"Germany",6,3,3,5,"Costa Rica",6,5,1,5,"Poland",7,2,5,7,"England",5,5,0,4
"268","Peru",9,3,6,9,"Iceland",5,4,1,6,"Egypt",5,2,3,7,"Portugal",8,6,2,6,"Spain",8,2,6,9,"Russia",5,3,2,5,"Argentina",6,4,2,6,"France",6,6,0,6,"Brazil",6,5,1,6,"Germany",8,3,5,6,"England",8,2,6,9,"Senegal",3,5,-2,4,"Mexico",7,2,5,9,"Switzerland",6,4,2,6,"Poland",7,5,2,9,"Belgium",5,4,1,6
"269","France",8,2,6,7,"Iceland",5,4,1,5,"Russia",7,5,2,6,"Portugal",5,3,2,5,"Spain",8,3,5,7,"Uruguay",11,5,6,6,"Argentina",6,3,3,7,"Peru",5,3,2,5,"Brazil",9,2,7,9,"Mexico",7,4,3,6,"Belgium",7,6,1,6,"Senegal",2,6,-4,3,"Germany",7,1,6,9,"Costa Rica",6,7,-1,4,"Poland",5,5,0,9,"England",7,3,4,6
"270","Peru",7,4,3,7,"Croatia",3,2,1,5,"Uruguay",7,1,6,9,"Portugal",6,3,3,5,"Spain",6,3,3,7,"Egypt",5,2,3,6,"Argentina",6,3,3,6,"France",5,4,1,6,"Switzerland",4,2,2,7,"Germany",7,6,1,4,"England",4,2,2,7,"Poland",4,8,-4,4,"South Korea",5,6,-1,6,"Brazil",5,4,1,4,"Colombia",7,3,4,9,"Belgium",6,2,4,6
"271","Peru",6,4,2,7,"Argentina",8,5,3,6,"Russia",8,3,5,6,"Portugal",3,2,1,5,"Spain",8,1,7,7,"Uruguay",7,5,2,6,"Croatia",8,6,2,7,"Denmark",5,2,3,7,"Brazil",4,1,3,7,"South Korea",5,6,-1,4,"Belgium",8,2,6,9,"Colombia",5,2,3,5,"Germany",6,3,3,7,"Switzerland",3,0,3,7,"Poland",5,8,-3,7,"England",3,3,0,4
"272","France",6,5,1,5,"Argentina",5,4,1,6,"Uruguay",8,3,5,9,"Portugal",6,3,3,7,"Spain",5,2,3,7,"Russia",4,6,-2,4,"Croatia",9,3,6,9,"Peru",4,3,1,4,"Switzerland",7,1,6,9,"Germany",6,4,2,4,"Belgium",7,1,6,9,"Colombia",7,5,2,5,"Mexico",4,2,2,7,"Brazil",5,4,1,4,"Poland",8,7,1,7,"Tunisia",6,6,0,6
"273","Peru",8,5,3,7,"Croatia",5,4,1,6,"Uruguay",8,1,7,7,"Spain",9,4,5,6,"Portugal",8,6,2,7,"Egypt",6,5,1,4,"Argentina",8,4,4,6,"France",7,6,1,5,"Brazil",6,2,4,7,"Sweden",5,6,-1,4,"Belgium",10,2,8,9,"Poland",9,3,6,4,"Germany",11,2,9,9,"Serbia",5,5,0,3,"Colombia",6,3,3,9,"England",5,3,2,6
"274","France",8,5,3,6,"Iceland",7,4,3,7,"Russia",9,3,6,7,"Portugal",7,5,2,4,"Spain",6,2,4,9,"Uruguay",7,3,4,6,"Argentina",6,3,3,7,"Peru",7,5,2,6,"Brazil",7,4,3,6,"Mexico",4,3,1,5,"Belgium",6,4,2,6,"Poland",5,4,1,6,"Germany",7,2,5,7,"Switzerland",5,4,1,6,"Colombia",6,2,4,9,"England",5,3,2,6
"275","Peru",10,3,7,9,"Argentina",5,3,2,5,"Russia",7,3,4,7,"Spain",6,4,2,6,"Portugal",7,3,4,9,"Uruguay",5,3,2,7,"Iceland",4,2,2,7,"France",5,5,0,4,"Brazil",8,1,7,9,"Sweden",6,5,1,6,"England",6,1,5,9,"Colombia",8,7,1,5,"Germany",11,4,7,7,"Switzerland",6,3,3,6,"Poland",8,6,2,7,"Belgium",6,3,3,6
"276","Peru",7,4,3,7,"Croatia",4,4,0,4,"Russia",7,3,4,7,"Spain",8,5,3,6,"Portugal",6,3,3,7,"Uruguay",8,4,4,6,"Argentina",8,2,6,9,"France",7,5,2,6,"Brazil",6,4,2,6,"Mexico",4,4,0,6,"Belgium",9,2,7,9,"Senegal",6,5,1,4,"Germany",7,4,3,7,"Switzerland",6,4,2,6,"Poland",8,4,4,7,"England",5,4,1,6
"277","Peru",6,3,3,7,"Argentina",6,2,4,6,"Russia",7,2,5,6,"Portugal",5,4,1,6,"Spain",7,2,5,9,"Uruguay",6,4,2,6,"Croatia",6,0,6,7,"France",8,5,3,5,"Costa Rica",4,2,2,5,"Germany",3,2,1,4,"Belgium",8,2,6,9,"Senegal",4,5,-1,4,"Mexico",8,4,4,9,"Brazil",7,4,3,4,"Poland",4,3,1,7,"Tunisia",4,6,-2,4
"278","Peru",6,2,4,7,"Croatia",6,4,2,6,"Uruguay",5,1,4,7,"Iran",3,4,-1,4,"Spain",6,1,5,9,"Russia",7,2,5,6,"Argentina",6,4,2,6,"France",7,5,2,4,"Brazil",6,4,2,7,"Sweden",7,7,0,6,"Tunisia",5,2,3,7,"Senegal",5,6,-1,3,"Germany",8,6,2,6,"Switzerland",6,5,1,5,"Poland",5,5,0,9,"Belgium",4,4,0,3
"279","Peru",6,2,4,7,"Croatia",5,6,-1,6,"Uruguay",11,6,5,7,"Portugal",4,4,0,4,"Spain",6,5,1,6,"Russia",7,7,0,4,"Argentina",10,3,7,7,"France",5,3,2,6,"Brazil",9,4,5,9,"Mexico",5,4,1,6,"Belgium",7,3,4,7,"Colombia",7,6,1,5,"Germany",9,5,4,6,"Costa Rica",7,7,0,6,"Poland",7,3,4,7,"Tunisia",3,4,-1,6
"280","Peru",10,2,8,9,"Iceland",3,2,1,6,"Russia",8,5,3,7,"Iran",6,4,2,7,"Spain",9,3,6,7,"Uruguay",6,5,1,5,"Argentina",6,1,5,7,"France",5,7,-2,4,"Switzerland",5,3,2,7,"Mexico",5,5,0,6,"Belgium",9,1,8,9,"Colombia",7,5,2,5,"Germany",7,3,4,9,"Brazil",9,5,4,6,"Poland",6,6,0,7,"England",2,2,0,6
"281","France",8,4,4,9,"Croatia",5,4,1,6,"Russia",7,3,4,7,"Spain",10,5,5,6,"Portugal",7,6,1,6,"Uruguay",8,2,6,7,"Argentina",9,2,7,6,"Denmark",5,4,1,4,"Brazil",9,5,4,6,"Mexico",7,7,0,7,"Belgium",4,3,1,5,"Colombia",5,3,2,5,"Germany",10,5,5,7,"Switzerland",6,5,1,5,"Poland",3,6,-3,7,"England",5,3,2,5
"282","France",6,2,4,9,"Argentina",4,3,1,4,"Uruguay",7,2,5,9,"Iran",3,4,-1,6,"Spain",6,4,2,6,"Egypt",7,5,2,6,"Croatia",5,2,3,7,"Denmark",3,4,-1,4,"Brazil",9,1,8,9,"Mexico",6,7,-1,4,"Belgium",5,4,1,5,"Colombia",2,4,-2,5,"Germany",10,2,8,7,"Costa Rica",4,5,-1,4,"Poland",8,10,-2,7,"England",3,2,1,5
"283","Peru",7,4,3,7,"Iceland",5,5,0,4,"Russia",5,3,2,7,"Spain",6,5,1,4,"Portugal",7,3,4,9,"Uruguay",9,3,6,6,"Argentina",8,3,5,9,"France",5,6,-1,4,"Brazil",7,3,4,6,"Mexico",6,3,3,4,"Belgium",8,3,5,9,"Poland",7,5,2,6,"Germany",8,3,5,9,"Costa Rica",5,4,1,4,"Colombia",9,4,5,9,"England",6,3,3,6
"284","France",8,3,5,7,"Croatia",5,2,3,6,"Uruguay",8,1,7,9,"Spain",5,3,2,5,"Portugal",5,1,4,7,"Egypt",7,4,3,6,"Argentina",6,2,4,9,"Peru",5,4,1,5,"Brazil",8,5,3,7,"South Korea",5,6,-1,6,"Belgium",9,3,6,9,"Poland",5,6,-1,6,"Germany",10,5,5,7,"Costa Rica",5,6,-1,4,"Colombia",6,2,4,9,"England",7,5,2,6
"285","France",10,2,8,9,"Iceland",3,2,1,5,"Uruguay",11,1,10,9,"Spain",5,4,1,6,"Portugal",5,2,3,9,"Egypt",8,5,3,4,"Argentina",3,2,1,5,"Peru",4,3,1,4,"Switzerland",5,1,4,9,"Germany",6,3,3,6,"England",6,0,6,9,"Japan",3,4,-1,6,"Mexico",5,4,1,7,"Brazil",5,5,0,4,"Poland",3,2,1,9,"Belgium",6,5,1,6
"286","France",7,2,5,7,"Croatia",5,3,2,5,"Uruguay",7,3,4,7,"Spain",9,2,7,7,"Portugal",6,1,5,7,"Egypt",5,3,2,6,"Argentina",7,3,4,7,"Australia",3,6,-3,4,"Costa Rica",7,4,3,7,"Mexico",7,6,1,6,"Belgium",6,3,3,6,"Poland",8,7,1,6,"Sweden",5,5,0,6,"Brazil",7,3,4,5,"Colombia",8,7,1,9,"Tunisia",5,4,1,6
"287","Peru",8,4,4,7,"Nigeria",5,7,-2,4,"Uruguay",10,2,8,9,"Spain",8,4,4,5,"Portugal",7,5,2,5,"Egypt",3,3,0,3,"Argentina",9,4,5,7,"Australia",5,5,0,4,"Switzerland",9,2,7,7,"South Korea",5,6,-1,6,"Belgium",8,3,5,9,"Poland",6,6,0,6,"Germany",9,4,5,7,"Brazil",5,6,-1,6,"Colombia",6,3,3,9,"Tunisia",5,4,1,4
"288","France",5,3,2,6,"Iceland",3,6,-3,3,"Uruguay",9,3,6,9,"Portugal",6,4,2,4,"Spain",10,4,6,6,"Egypt",5,3,2,6,"Argentina",9,3,6,9,"Peru",5,4,1,5,"Brazil",7,6,1,5,"Germany",10,7,3,4,"Belgium",8,3,5,7,"Colombia",6,6,0,5,"Mexico",11,9,2,9,"Switzerland",8,6,2,5,"Poland",5,6,-1,5,"England",5,3,2,6
"289","France",7,4,3,7,"Iceland",2,4,-2,4,"Russia",7,1,6,9,"Morocco",6,4,2,5,"Spain",8,4,4,5,"Uruguay",9,3,6,6,"Argentina",9,3,6,7,"Peru",4,3,1,4,"Brazil",8,2,6,7,"Mexico",8,9,-1,4,"England",4,3,1,6,"Colombia",9,3,6,5,"Germany",8,5,3,7,"Costa Rica",4,5,-1,6,"Poland",6,5,1,7,"Belgium",5,4,1,4
"290","Peru",6,3,3,9,"Argentina",6,4,2,6,"Uruguay",8,2,6,7,"Portugal",3,3,0,4,"Spain",8,3,5,9,"Russia",4,2,2,5,"Croatia",5,3,2,7,"France",5,4,1,4,"Brazil",7,2,5,7,"Mexico",6,8,-2,4,"Belgium",7,3,4,9,"Colombia",5,3,2,5,"Germany",8,4,4,7,"Costa Rica",5,6,-1,4,"Poland",7,7,0,7,"Tunisia",6,4,2,4
"291","France",7,4,3,6,"Croatia",7,6,1,6,"Russia",7,3,4,5,"Spain",9,4,5,7,"Portugal",6,2,4,7,"Uruguay",8,3,5,5,"Argentina",7,4,3,6,"Peru",6,3,3,6,"Brazil",7,3,4,6,"Sweden",5,5,0,4,"Belgium",9,2,7,9,"Japan",3,5,-2,4,"Germany",10,2,8,9,"Switzerland",6,4,2,6,"Poland",4,4,0,9,"Panama",3,5,-2,4
"292","France",8,4,4,7,"Argentina",8,5,3,4,"Russia",7,2,5,9,"Spain",4,4,0,4,"Portugal",6,3,3,7,"Uruguay",7,5,2,6,"Iceland",4,3,1,6,"Denmark",5,3,2,6,"Brazil",6,3,3,7,"Mexico",6,2,4,7,"England",5,2,3,7,"Poland",5,5,0,6,"Germany",8,3,5,7,"Switzerland",5,4,1,4,"Colombia",7,4,3,9,"Belgium",5,3,2,6
"293","France",7,5,2,7,"Argentina",5,4,1,6,"Russia",7,4,3,6,"Spain",5,4,1,6,"Portugal",7,3,4,9,"Uruguay",6,3,3,6,"Croatia",8,3,5,7,"Peru",8,3,5,7,"Brazil",6,7,-1,6,"Sweden",5,8,-3,3,"Belgium",5,2,3,7,"Senegal",5,6,-1,4,"Germany",10,3,7,9,"Switzerland",6,4,2,6,"Poland",7,4,3,7,"Tunisia",4,2,2,7
"294","France",10,5,5,9,"Croatia",5,3,2,6,"Uruguay",9,3,6,7,"Portugal",6,4,2,4,"Spain",8,2,6,9,"Egypt",5,3,2,5,"Argentina",9,2,7,9,"Denmark",6,6,0,6,"Brazil",5,2,3,7,"Mexico",5,5,0,6,"Belgium",5,3,2,6,"Poland",7,6,1,6,"Germany",11,3,8,9,"Switzerland",7,2,5,7,"Colombia",9,6,3,7,"Tunisia",5,2,3,6
"295","France",10,2,8,9,"Argentina",8,5,3,6,"Uruguay",12,2,10,9,"Spain",8,3,5,7,"Portugal",6,4,2,7,"Egypt",6,4,2,6,"Croatia",6,4,2,7,"Peru",8,4,4,6,"Switzerland",8,4,4,9,"Sweden",5,4,1,6,"England",6,2,4,9,"Poland",5,7,-2,6,"Germany",9,3,6,7,"Brazil",6,5,1,6,"Colombia",9,6,3,9,"Belgium",9,4,5,6
"296","France",9,2,7,9,"Croatia",4,2,2,5,"Uruguay",9,2,7,9,"Spain",9,5,4,7,"Portugal",10,5,5,7,"Russia",6,4,2,6,"Argentina",6,4,2,5,"Australia",2,8,-6,3,"Brazil",7,3,4,9,"South Korea",4,6,-2,4,"Belgium",7,3,4,9,"Colombia",4,5,-1,5,"Germany",8,1,7,9,"Switzerland",9,4,5,6,"Poland",5,4,1,7,"England",6,5,1,4
"297","France",8,2,6,7,"Argentina",7,2,5,6,"Russia",8,5,3,6,"Spain",7,5,2,6,"Portugal",8,6,2,7,"Uruguay",9,6,3,6,"Croatia",8,1,7,9,"Denmark",5,3,2,6,"Costa Rica",7,4,3,7,"Germany",6,4,2,5,"England",7,3,4,7,"Japan",7,5,2,4,"Sweden",6,4,2,7,"Brazil",6,4,2,4,"Colombia",7,5,2,5,"Belgium",8,5,3,5
"298","Peru",7,2,5,7,"Argentina",6,5,1,6,"Uruguay",11,4,7,9,"Portugal",6,8,-2,3,"Spain",10,4,6,9,"Egypt",3,3,0,4,"Croatia",6,2,4,9,"France",8,4,4,6,"Brazil",10,3,7,7,"Germany",10,4,6,6,"Belgium",9,2,7,9,"Senegal",1,5,-4,4,"Mexico",6,5,1,7,"Switzerland",6,5,1,6,"Poland",4,6,-2,9,"Tunisia",5,6,-1,4
"299","France",5,2,3,9,"Croatia",6,4,2,6,"Russia",8,1,7,9,"Portugal",3,5,-2,4,"Spain",8,2,6,9,"Uruguay",5,5,0,3,"Argentina",6,3,3,9,"Denmark",8,3,5,6,"Brazil",6,3,3,7,"Mexico",5,7,-2,4,"Belgium",6,3,3,7,"Poland",6,5,1,6,"Germany",9,4,5,6,"Switzerland",4,2,2,5,"Colombia",4,6,-2,7,"England",5,4,1,6
"300","France",6,3,3,6,"Nigeria",4,5,-1,4,"Uruguay",9,3,6,9,"Spain",7,4,3,6,"Portugal",7,3,4,7,"Russia",7,3,4,4,"Argentina",8,3,5,9,"Peru",6,1,5,6,"Brazil",8,2,6,9,"Germany",9,5,4,5,"England",5,3,2,7,"Colombia",6,5,1,5,"Mexico",9,6,3,7,"Switzerland",6,3,3,6,"Poland",7,9,-2,7,"Belgium",7,3,4,6
"301","France",7,3,4,6,"Iceland",5,5,0,6,"Uruguay",10,3,7,7,"Portugal",2,6,-4,3,"Spain",9,2,7,9,"Russia",6,3,3,5,"Argentina",9,3,6,9,"Peru",6,5,1,6,"Costa Rica",6,4,2,7,"Mexico",7,8,-1,5,"Belgium",5,1,4,9,"Japan",4,3,1,4,"Germany",9,6,3,7,"Brazil",8,3,5,6,"Poland",2,6,-4,9,"England",4,1,3,6
"302","France",9,4,5,7,"Croatia",6,7,-1,4,"Uruguay",7,2,5,7,"Spain",4,4,0,6,"Portugal",6,4,2,6,"Russia",5,2,3,5,"Argentina",9,2,7,9,"Denmark",4,6,-2,6,"Brazil",9,3,6,7,"Mexico",5,5,0,6,"England",9,3,6,9,"Poland",6,7,-1,6,"Germany",7,1,6,9,"Costa Rica",5,6,-1,4,"Colombia",8,4,4,9,"Belgium",7,5,2,6
"303","Peru",7,3,4,9,"Iceland",4,4,0,3,"Uruguay",8,1,7,9,"Portugal",5,4,1,6,"Spain",8,2,6,9,"Russia",6,2,4,6,"Argentina",6,5,1,5,"France",7,6,1,6,"Switzerland",3,1,2,7,"Sweden",7,7,0,4,"Belgium",6,3,3,7,"Poland",6,6,0,3,"Germany",10,3,7,9,"Brazil",7,5,2,6,"Colombia",7,3,4,9,"Tunisia",3,3,0,4
"304","France",7,4,3,9,"Croatia",5,2,3,6,"Uruguay",11,3,8,9,"Spain",7,4,3,6,"Portugal",7,3,4,7,"Russia",3,5,-2,3,"Argentina",7,5,2,6,"Peru",6,3,3,6,"Switzerland",8,2,6,9,"Mexico",6,8,-2,6,"England",10,3,7,9,"Senegal",6,6,0,7,"Germany",9,3,6,6,"Brazil",7,4,3,6,"Poland",9,6,3,7,"Panama",3,4,-1,4
"305","France",7,2,5,7,"Argentina",6,4,2,6,"Uruguay",12,3,9,9,"Spain",7,6,1,6,"Portugal",6,1,5,7,"Russia",5,3,2,6,"Croatia",7,2,5,9,"Peru",5,2,3,7,"Brazil",5,4,1,6,"Sweden",4,4,0,4,"England",7,3,4,7,"Senegal",4,6,-2,3,"Germany",8,3,5,9,"Switzerland",6,3,3,6,"Poland",5,6,-1,9,"Belgium",7,5,2,4
"306","France",7,5,2,7,"Iceland",5,4,1,5,"Egypt",9,4,5,6,"Portugal",7,5,2,6,"Spain",6,2,4,7,"Saudi Arabia",4,6,-2,6,"Argentina",7,3,4,7,"Australia",6,6,0,4,"Costa Rica",7,4,3,7,"Germany",5,3,2,5,"England",6,1,5,9,"Poland",4,5,-1,6,"Mexico",7,3,4,7,"Brazil",8,5,3,5,"Colombia",7,3,4,9,"Belgium",6,4,2,6
"307","France",8,1,7,7,"Croatia",5,4,1,6,"Uruguay",12,3,9,9,"Portugal",8,5,3,6,"Spain",9,3,6,9,"Egypt",6,3,3,6,"Argentina",5,3,2,7,"Peru",4,2,2,4,"Brazil",9,2,7,9,"Sweden",5,6,-1,3,"Belgium",6,2,4,7,"Colombia",7,5,2,5,"Germany",8,2,6,9,"Costa Rica",7,6,1,6,"Poland",3,6,-3,5,"England",7,2,5,7
"308","Peru",6,1,5,9,"Croatia",3,3,0,4,"Uruguay",9,2,7,9,"Iran",2,4,-2,4,"Portugal",8,3,5,9,"Egypt",5,3,2,4,"Argentina",7,2,5,9,"France",3,4,-1,4,"Switzerland",8,4,4,9,"Sweden",6,4,2,4,"Belgium",7,4,3,9,"Poland",5,4,1,6,"Germany",9,4,5,7,"Brazil",3,5,-2,3,"Colombia",9,2,7,9,"England",6,4,2,6
"309","France",7,3,4,9,"Croatia",6,3,3,7,"Egypt",8,4,4,7,"Morocco",6,4,2,5,"Spain",6,3,3,5,"Uruguay",6,6,0,4,"Argentina",6,2,4,7,"Australia",4,6,-2,3,"Costa Rica",3,1,2,7,"South Korea",6,7,-1,6,"Belgium",6,0,6,9,"Poland",6,5,1,4,"Germany",8,3,5,7,"Brazil",5,2,3,6,"Colombia",6,3,3,9,"Tunisia",4,6,-2,4
"310","France",7,1,6,9,"Iceland",3,2,1,6,"Uruguay",6,3,3,7,"Portugal",6,4,2,5,"Spain",7,3,4,7,"Egypt",6,5,1,5,"Argentina",5,3,2,6,"Denmark",3,4,-1,6,"Brazil",9,4,5,7,"Sweden",4,6,-2,3,"Belgium",5,0,5,9,"Poland",7,6,1,6,"Germany",10,3,7,9,"Switzerland",8,7,1,5,"Colombia",6,5,1,9,"Panama",3,5,-2,3
"311","France",8,4,4,7,"Nigeria",5,4,1,6,"Uruguay",8,3,5,9,"Portugal",5,4,1,4,"Spain",7,2,5,9,"Russia",6,3,3,4,"Argentina",7,4,3,6,"Denmark",5,3,2,6,"Brazil",10,2,8,7,"Sweden",6,5,1,5,"Belgium",4,2,2,7,"Senegal",4,7,-3,4,"Germany",8,2,6,6,"Costa Rica",5,4,1,6,"Poland",7,8,-1,9,"England",3,2,1,6

